augmenter le volume,0.1722475166165196,0.5238280621399027,0.1155890666985761,0.12339609726132225,0.12297366176104249
augmenter le volume,0.1790147006337576,0.5696379519301089,0.10949799843450958,0.03602401562140643,0.03378097809930245
augmenter le volume,0.19153125076823693,0.6019089342912987,0.14632849830267214,0.05931707451193958,0.01539771589564367
augmenter le volume,0.2697523917163104,0.6389041948296841,0.21273178031577425,0.12773032245106883,0.11201716042940581
augmenter le volume,0.2878251025088252,0.6454309637098198,0.23318418378772268,0.16064442129810147,0.1413294920601874
augmenter le volume,0.3044656689822726,0.6524515938769617,0.2440301811250581,0.16828355439803253,0.15088256025784544
augmenter le volume,0.3091469796363159,0.6500469679062234,0.2656942303247318,0.18988301170900893,0.18788426476897047
augmenter le volume,0.31515001647423824,0.6377137650014033,0.2777407914496912,0.19918085605990496,0.19718314303623405
augmenter le volume,0.31681784237745375,0.6260321294149817,0.2799410097835509,0.2073334763640084,0.20565473491905426
augmenter le volume,0.3201531652007139,0.6197870206859755,0.2759290824842152,0.20608586915318503,0.20780119503116812
augmenter le volume,0.33175149736858184,0.6117564167200906,0.2906250512222936,0.22653072204141184,0.22296968436406836
augmenter le volume,0.32844935676945547,0.608841799324651,0.28140689125343377,0.22375297248285056,0.22188945440277485
augmenter le volume,0.3281542198668102,0.6068003324108057,0.283822216333795,0.22471159798767784,0.22240377878790366
augmenter le volume,0.324135336853547,0.6039781806030713,0.28324233688989225,0.22274280891789142,0.2210889212345338
augmenter le volume,0.32542986912289684,0.6066818176526992,0.2825057294560841,0.22481999442103182,0.22159960127097642
augmenter le volume,0.32604387077084185,0.6074760018649831,0.28618635584513713,0.22989626907328953,0.2213294283912359
augmenter le volume,0.3239653672060972,0.6016551466270528,0.2857214979120806,0.22794447279838062,0.2226162208977742
augmenter le volume,0.3309756812691526,0.5955887542009275,0.29007665206261574,0.23516802756342042,0.22374206505223315
augmenter le volume,0.3366894164419896,0.6008510852253345,0.30027137752107674,0.23640998533819674,0.22916726124100656
augmenter le volume,0.3410871221128488,0.6033945292050251,0.2987859148530227,0.23959824530840293,0.23554121850262263
augmenter le volume,0.3389745271851816,0.6009625606203528,0.30498906912717805,0.24120336029978381,0.23431237841212818
augmenter le volume,0.34618002338144765,0.6054647888970787,0.29791144536017145,0.23808797469259838,0.23285453405984485
augmenter le volume,0.33871758438988436,0.5973528219272568,0.30213359379038035,0.23789105589775814,0.23159265698610232
augmenter le volume,0.3411479350392408,0.5987221611209168,0.2988950070428507,0.23673618964983173,0.23466392119456925
augmenter le volume,0.3399893399686451,0.6057048188613465,0.30397454912592914,0.23608309909623254,0.23196477276836497
augmenter le volume,0.33821853082870446,0.6141669674594866,0.29855424988721607,0.23755113839249,0.23470579289610408
augmenter le volume,0.33347006416379055,0.6174235175288412,0.3076812799124276,0.23701169018447296,0.23294961241540166
augmenter le volume,0.33368227309495313,0.6137275793166175,0.30822739236425756,0.24256388320693648,0.23533509646755002
augmenter le volume,0.3299164890130873,0.6117629578397179,0.3102005527888714,0.24257611345785535,0.23556767604436352
augmenter le volume,0.33309970165266867,0.6081711950760412,0.31204459377624655,0.24321270453471666,0.23757043215926532
augmenter le volume,0.3431574641552669,0.5991259603739012,0.31695968882640513,0.24810238410943225,0.24236195398607094
augmenter le volume,0.3440565108808092,0.5991033096949997,0.32043248845083067,0.25171266648744434,0.2467179447169776
augmenter le volume,0.34502065097117396,0.6018398891180939,0.32194933028177347,0.25349193385329694,0.2522083461417827
augmenter le volume,0.3401455633780579,0.600054823379076,0.3163328024230279,0.2511491372403902,0.24932822313754466
augmenter le volume,0.3414550808898516,0.6037653713739126,0.31955798159312104,0.24982459168619447,0.24661195851934142
augmenter le volume,0.33653841745295976,0.6013572698742456,0.3133143312157584,0.24545050614417185,0.24297590913661757
augmenter le volume,0.3323456147413014,0.5991184322923149,0.3115314019376658,0.2426257899821749,0.24127811476398578
augmenter le volume,0.3320256634005326,0.5947937270071341,0.30819009879718146,0.2404712450640776,0.23691670021559733
augmenter le volume,0.3265896132136488,0.5974787809854437,0.3078130241328023,0.2432274496583381,0.23982596128535588
augmenter le volume,0.31588931056954084,0.5916689235169986,0.2975769583159194,0.2428611894181422,0.24139777163229406
augmenter le volume,0.3153286789209458,0.5795429113084609,0.29713372580681396,0.22948844227915144,0.23489048903523266
augmenter le volume,0.3114401323152111,0.5733891022785809,0.28910054707685195,0.22303192996952909,0.23100205368637367
augmenter le volume,0.3097139097395244,0.5644268718765221,0.2830683214351943,0.222187125916729,0.23096042062771527
augmenter le volume,0.3102349189615058,0.5546189981469457,0.2805051466208441,0.22323512976580867,0.23103923146269714
augmenter le volume,0.30540881497887046,0.5191885545662891,0.2747841892220418,0.22956786544682764,0.2288747809238525
augmenter le volume,0.2763493785242796,0.4889898717222587,0.25971562476945353,0.21037888669034246,0.20990328361252017
augmenter le volume,0.2717684163966626,0.47321312795076426,0.2499415005669756,0.2016010308116417,0.20026917585128612
augmenter le volume,0.2676821186333053,0.47206475969914075,0.24515424134215974,0.19793854523659654,0.19605252422008482
augmenter le volume,0.2644589860349114,0.46255274227457627,0.24138146796061374,0.1963128917986822,0.19381659887511649
augmenter le volume,0.25415427970667076,0.44982754679776105,0.23570117129711549,0.19109907783697688,0.19032652603871553
augmenter le volume,0.24809108088987555,0.4375189030478773,0.2347905388879278,0.18956499938786248,0.1873579710071257
augmenter le volume,0.24065616398145698,0.4252493044140907,0.22704392159849965,0.18604543248793243,0.18168166987047496
augmenter le volume,0.22479479188702653,0.3893611421713632,0.2136960140843883,0.17758717956088418,0.17912706297284736
augmenter le volume,0.21486306684489,0.3763861740533949,0.2031839063328409,0.16934927804998762,0.167482913403006
augmenter le volume,0.21415858492755663,0.37118608576259726,0.20162908319444367,0.16626647652909005,0.1686563586275387
augmenter le volume,0.21415025916425073,0.3646637676136408,0.19506355202745118,0.16546748068015407,0.16689057914316732
augmenter le volume,0.20776831721807515,0.3571895505142366,0.19000599762532494,0.16206721415571188,0.16196998844370758
augmenter le volume,0.20398648737315264,0.35204911686291024,0.19167844618227478,0.16097067013134575,0.15796679046768344
augmenter le volume,0.19926980284529705,0.3478179338294041,0.18774411923674894,0.15906976705837683,0.15485393217957039
augmenter le volume,0.20218326698643965,0.33874483524307597,0.18887849035559842,0.15529833228941867,0.15953682832471358
augmenter le volume,0.19929010101657038,0.3327297300805475,0.18910597896513712,0.1578219816097419,0.15014679945437354
augmenter le volume,0.1966563588476167,0.33186387580644827,0.1857169795443812,0.15492027308795636,0.14884796839738965
augmenter le volume,0.19409360948756618,0.32811192183029464,0.18329187234308147,0.15332414411196518,0.1466333774779613
augmenter le volume,0.19126985985128273,0.32674634231471095,0.18230230212432058,0.14976651869896987,0.14524345654200832
augmenter le volume,0.19034149305936973,0.32460730678872096,0.1767283059976622,0.14826590230628775,0.1427622895719009
augmenter le volume,0.19259277226718452,0.336122856383413,0.17929360304289815,0.15174416467871255,0.14914121965635305
augmenter le volume,0.19203354092584274,0.3419853378806073,0.1802997332321221,0.14835914885666707,0.14412084462638566
augmenter le volume,0.19670051302679542,0.3516230015643332,0.18297184263337815,0.15176524021444926,0.14678382747058652
augmenter le volume,0.20134462610934165,0.3607896510137061,0.1867710204555764,0.15352955184071765,0.14969940593043343
augmenter le volume,0.2065694471431216,0.36888180697492384,0.19034177265168573,0.15644592199248608,0.15313929723242023
augmenter le volume,0.21021177032703545,0.37730786259348437,0.18976115515901437,0.15787593336977906,0.1539926382004749
augmenter le volume,0.20912994155528894,0.3857579832670217,0.18840273962395018,0.15473185143033738,0.14860276924853086
augmenter le volume,0.21008155227599845,0.3971300255727613,0.1946152086617985,0.15654441836982633,0.15245945602885758
augmenter le volume,0.22582128440352947,0.44157228454349207,0.20560115280800187,0.1565180225453412,0.1465650403381294
augmenter le volume,0.2274073584698552,0.4577893054720531,0.20389257860972146,0.14969188096553365,0.1404581599622221
augmenter le volume,0.23826853039632412,0.47416638942603295,0.21685830974910672,0.15912601975726423,0.15089402330432752
augmenter le volume,0.24514409010186286,0.49036124395352376,0.22548291055415384,0.16082418652641,0.15383865703885385
augmenter le volume,0.24762658050959915,0.5074308607240585,0.23055267533596643,0.16287155696356337,0.15336123468838156
augmenter le volume,0.25202323733705373,0.5200886736249823,0.23362363101673156,0.16402632174311538,0.1548794902304957
augmenter le volume,0.25996711425238594,0.5319855906214495,0.2371303753067111,0.16924559053594176,0.15513803367045736
augmenter le volume,0.2558146750599082,0.5731846081012674,0.23048729708528648,0.1703380739765439,0.15831785100934853
augmenter le volume,0.2564429000699744,0.5796425675929667,0.2345391605517839,0.17633376989579214,0.1570164616919433
augmenter le volume,0.2486454349424785,0.588407845819398,0.22945434679338284,0.17302771695489047,0.16472630710109998
augmenter le volume,0.24974016943463176,0.5982813307907792,0.22257160744165025,0.1720329326520248,0.16229846434705975
augmenter le volume,0.21244295153962822,0.6125928326884317,0.22112140342575404,0.16982271896072038,0.16636717571752405
augmenter le volume,0.20491073240310412,0.6067487286735607,0.2231078098486258,0.16624782277968905,0.16700252510136132
augmenter le volume,0.18933213185615858,0.6055383092032591,0.2071711096516875,0.15817754914381632,0.17556388983042115
augmenter le volume,0.1985784318262402,0.6093089151247851,0.2158772984375858,0.16299999503226906,0.1763507576816229
augmenter le volume,0.20458338553571956,0.6091421238000487,0.22110517772148863,0.17160349359908625,0.18959242617686795
augmenter le volume,0.20070092446634694,0.6111374233803352,0.21507261480643647,0.17245940218283892,0.1835979340160575
augmenter le volume,0.19939841659801194,0.604330740436807,0.2266076918427835,0.1652472566706676,0.1607007290835675
augmenter le volume,0.2041549226984843,0.6022407507499709,0.24708305253640017,0.18437150495522317,0.16881108026221361
augmenter le volume,0.2122616269971408,0.5876850477516491,0.2268247332405573,0.15636147973269804,0.15162265524953006
augmenter le volume,0.2241171030799952,0.588462491984943,0.23845818314087233,0.15860701896790563,0.1580355790945332
augmenter le volume,0.22515054785282734,0.5893613572239172,0.23884410517912397,0.16094522348627888,0.16414057332364101
augmenter le volume,0.2237166605978887,0.5839382654260434,0.23219374468276396,0.16433137759383903,0.18072214947055076
augmenter le volume,0.22120378918244768,0.5781397558694035,0.22642998726277597,0.1647871975470693,0.17601659483143106
augmenter le volume,0.2185627339360445,0.576952804699999,0.23086116673967932,0.16823823485325856,0.15989440428571014
augmenter le volume,0.21437531047490077,0.5799391822412719,0.23507898785728315,0.17107303386776104,0.17949007724481844
augmenter le volume,0.2105814843967217,0.5708344552417496,0.22492466325042412,0.15796955570080198,0.1736946153286041
augmenter le volume,0.20397038517355845,0.5661293949330366,0.2228466394167335,0.15754381708168128,0.16635959731559172
augmenter le volume,0.21213515752211082,0.5657218664242827,0.21520343805093206,0.15590224785413095,0.16655222881933612
augmenter le volume,0.20945385625535629,0.5586708641265419,0.2077225354204889,0.14810391344699708,0.14904213901021407
augmenter le volume,0.20503873602234005,0.5054219826929212,0.18274541293301114,0.1233691017112214,0.11826628186120565
augmenter le volume,0.2420326761743995,0.5499876031063515,0.236686071234799,0.16153379631428072,0.1495229888408938
augmenter le volume,0.23170252085445162,0.5311863353763773,0.22023793392705,0.1548850352524378,0.1451165745252177
augmenter le volume,0.23393067708426296,0.5196996263848224,0.2148292972798629,0.1514236018965201,0.14198835549490743
augmenter le volume,0.2313658168152052,0.5128984197412165,0.21592983790817125,0.15418885912350033,0.14163284971977852
augmenter le volume,0.2263158959999405,0.5023356644466973,0.20907751657522802,0.14839003926256386,0.1340521685372542
augmenter le volume,0.23164021993713324,0.49847900167892506,0.21783281200397323,0.15475674357721586,0.13802776229502106
augmenter le volume,0.23227072245885455,0.4905654990306344,0.21310262844777358,0.14963490252065537,0.13667620132993186
augmenter le volume,0.22985968279871846,0.46303336508630805,0.21709050207637853,0.15599177356824925,0.14528391103140012
augmenter le volume,0.2316777821631705,0.4514516073115024,0.20917919400973406,0.15144585068928776,0.1435324457598454
augmenter le volume,0.22679960582141356,0.43860751244810636,0.2110250228081405,0.1473838594440293,0.13817107474480678
augmenter le volume,0.2247454930767108,0.4302545006090639,0.2092353245379564,0.14699123252216423,0.13933977662246927
augmenter le volume,0.2239908566628542,0.42623854613632134,0.20800092368518838,0.14750568038579487,0.14106476647210994
augmenter le volume,0.22344503845831115,0.40485132550446284,0.20019143647512944,0.15197895290155428,0.14305839541720303
augmenter le volume,0.21859424708316602,0.3965400356434981,0.20267811358534388,0.14935650050080507,0.14280149023904917
augmenter le volume,0.2167330387136272,0.3938974501031652,0.19077809156775477,0.14204377235416613,0.1407451654468513
augmenter le volume,0.21227479358032236,0.3868118424425671,0.19810288739534285,0.14387642878573673,0.1382387461802674
augmenter le volume,0.2098364234063,0.38078117921930293,0.19970744777277993,0.14345212267138266,0.1388665662763511
augmenter le volume,0.2100186182480571,0.3619043066597994,0.19960734972539382,0.14674406172185964,0.13808511726376585
augmenter le volume,0.20967735129249407,0.3554297266102241,0.20352315171759008,0.14680707487706973,0.14054346783958271
augmenter le volume,0.2062928326153027,0.3472076098823508,0.19908316286425487,0.14188047198854808,0.1358594283266283
augmenter le volume,0.20071334586187992,0.3453565656832185,0.19049492017339228,0.13727948209419671,0.13277132521773952
augmenter le volume,0.20287741160309547,0.3434669089762204,0.18882217714503818,0.138681371737417,0.13642913812180882
augmenter le volume,0.19871228489774992,0.3416491251789326,0.18766674903574634,0.1356611667545456,0.13228228137653802
augmenter le volume,0.19828243049128522,0.34257818504504317,0.18621530070368308,0.13378325869975252,0.13193061395181666
augmenter le volume,0.1987855710253888,0.34508277617886185,0.18480276351919397,0.13323079202843865,0.13272243294007718
augmenter le volume,0.20040015936994798,0.34667796606354717,0.1858345941032248,0.1346563812904611,0.13182372214962246
augmenter le volume,0.1958947377688422,0.3565455049240884,0.1787009531984672,0.12947055124813378,0.12434278261004345
augmenter le volume,0.19507204798700756,0.364492924496763,0.18132865124098757,0.1280855926621206,0.12636859624725844
augmenter le volume,0.19734280207711719,0.37076616181762967,0.18170057226092465,0.12983780405442635,0.12821372908592302
augmenter le volume,0.19918411806304723,0.37879957506901485,0.18084878980367503,0.1309445646826068,0.13040828335801588
augmenter le volume,0.20082092436566046,0.3853385974314565,0.18221011507075305,0.13164129956949017,0.12827566461612522
augmenter le volume,0.20189967679818432,0.3924070109553706,0.1787906980273968,0.1321906005562613,0.12790592673707507
augmenter le volume,0.2017800638997289,0.39979154644416787,0.17978763814589505,0.13299505287200106,0.12730110064025055
augmenter le volume,0.20713996986736713,0.40922382076900776,0.18420406344322854,0.13297213704268768,0.12779002324977054
augmenter le volume,0.210358779758221,0.4121494675873433,0.18887433501949583,0.1350984490173004,0.12904294493994825
augmenter le volume,0.21364424561362363,0.4361693354023077,0.19142893190599028,0.13358561853263312,0.12440597560273678
augmenter le volume,0.21532895784268521,0.43432645129144193,0.19468117250481148,0.13571029520016326,0.12535913229312057
augmenter le volume,0.21795394072701174,0.43351820534129365,0.1927763633189114,0.13316223012916953,0.12459770310478176
augmenter le volume,0.21700932438348816,0.4393216405763748,0.19859775009548333,0.13760864715131615,0.12970965524794728
augmenter le volume,0.22165224111337392,0.44310329616788635,0.20404189933032207,0.1405510771170121,0.13004779861477428
augmenter le volume,0.22545584677413164,0.46127830759663885,0.20440086978031602,0.1428919341719525,0.13056632537119417
augmenter le volume,0.2304018889595456,0.46505382346607443,0.21252740786642185,0.14948511978914125,0.13566058617594387
augmenter le volume,0.23402699210368846,0.4748957376691268,0.2158464872097905,0.15318590911249486,0.1393694006608067
augmenter le volume,0.23498135781350638,0.4827686987379215,0.21856028962029458,0.15671926388686988,0.14108682211585277
augmenter le volume,0.23779302678925351,0.48701738849112525,0.2234233935894178,0.15900751314431374,0.14261332729580156
augmenter le volume,0.2387726684109168,0.4946572250010925,0.22267955972302325,0.15717023396383828,0.14121653292601585
augmenter le volume,0.24245377223567718,0.5014511651920208,0.21949055370647047,0.15668095300036178,0.14216042223873385
augmenter le volume,0.24649367174281742,0.5049208657217666,0.22667744514362645,0.15771151481919055,0.14116220275353145
augmenter le volume,0.24574945049058813,0.5090114404706311,0.22574528454426637,0.15874976466863497,0.1390331679561967
augmenter le volume,0.24585447253357454,0.5160735126000142,0.21669307220549447,0.15474447271947883,0.13390963910985731
augmenter le volume,0.2548615880969949,0.5196651731899264,0.2262139033026074,0.1579937366822049,0.1350568535005142
augmenter le volume,0.25445872952426296,0.5177265206631374,0.2345451488405742,0.15603621472773188,0.13746565552440612
augmenter le volume,0.2557903652656849,0.5134052167613226,0.22961754369500675,0.1584188409274438,0.13575360310469933
augmenter le volume,0.26114135403578803,0.5122386465827498,0.23201020599990368,0.16115579838749422,0.13876933569863245
augmenter le volume,0.25678234087438917,0.5030875509611382,0.22913833075883439,0.15833502808303218,0.1388499682192169
augmenter le volume,0.25327509648287067,0.4965765182007334,0.2183061156193459,0.15275397023371592,0.13831030035702874
augmenter le volume,0.2532688474566656,0.48742833679234143,0.20004023142459623,0.15140470032135073,0.1401703482306578
augmenter le volume,0.2513305700202206,0.4777327567228959,0.19643130043359214,0.15159389547062316,0.14275125041799014
augmenter le volume,0.24805387343490856,0.46247211589694814,0.19766631213306313,0.14681219582149965,0.13555187812421718
augmenter le volume,0.2385412524801511,0.4434420030602941,0.19630891448007728,0.14292527726078344,0.13372982022359348
augmenter le volume,0.23098458065573987,0.4319336524280475,0.19174071041421703,0.1344086445627721,0.12415970969629322
augmenter le volume,0.22751422925119308,0.40541448907004657,0.16905400773381496,0.1416304557215605,0.1350358880956962
augmenter le volume,0.22916681577363252,0.3878993692869296,0.1775148102507878,0.14862215501861312,0.14382261337934552
augmenter le volume,0.23171186835180602,0.37405266591578534,0.1740163064121107,0.14648303226922535,0.14329363552817598
augmenter le volume,0.2246257755837779,0.3610101490833347,0.1734254123250606,0.14442706247347564,0.1415124571163072
augmenter le volume,0.21735270842002938,0.35256135148176293,0.17804760382556625,0.14703113877580243,0.14077594410756405
augmenter le volume,0.2117234510538717,0.34167118087798826,0.1688986539222319,0.14312651863637055,0.13529324612591553
augmenter le volume,0.20649158377568191,0.3363474242004763,0.16403295816837413,0.13840993939706095,0.13319326367428969
augmenter le volume,0.2015949273507061,0.33166832455740325,0.1636433339028693,0.13860754632373215,0.1336080361879902
augmenter le volume,0.19421020811078132,0.3290041898947387,0.1654682928966245,0.12858303645218042,0.1263253898056409
augmenter le volume,0.1906252671145932,0.33079037664855554,0.1618141047860252,0.12717747364403248,0.12321992166273986
augmenter le volume,0.18986624911158123,0.33258326376458075,0.16134068156074555,0.1201360879478302,0.1193788166635966
augmenter le volume,0.18668552496727356,0.33605605221217194,0.16165531491509086,0.11777433814695884,0.1191320608679562
augmenter le volume,0.18534943492753192,0.350992033109141,0.14984303048596392,0.10715454911025392,0.10480627178290905
augmenter le volume,0.18221242690060915,0.3641615118059079,0.134415954258161,0.09622900594864332,0.09027113374592767
augmenter le volume,0.17791247645179017,0.3678609879990087,0.13539581565346578,0.0942690535898236,0.08903568989115694
augmenter le volume,0.17884888352538514,0.37303158821210747,0.134157026072403,0.09336101752192949,0.09090010705219767
augmenter le volume,0.18139531547717838,0.3750767946114131,0.13515360363322038,0.09312559466239474,0.08805608703249927
augmenter le volume,0.1768182424518596,0.37752672791416464,0.12893229525080652,0.08283818752714266,0.08059967349287882
augmenter le volume,0.1776224765780733,0.3814012569670961,0.1263565119202208,0.08076940476841458,0.0790515669758375
augmenter le volume,0.1795179619837979,0.38119893855326703,0.1295933224361294,0.08229226475196323,0.0790199240168875
augmenter le volume,0.17961463576870196,0.38285705529188574,0.131040488072796,0.08411235029067926,0.08061179896690963
augmenter le volume,0.18446294857785187,0.3908656252280628,0.14181051457452187,0.09334566430154198,0.08855115954027093
augmenter le volume,0.18993158594032242,0.39476303960164805,0.14133886046611813,0.0946233055335852,0.08955374379949939
augmenter le volume,0.18888860878182623,0.3957760503944212,0.14331870364158558,0.09629735978676118,0.09021779516058509
augmenter le volume,0.18941504447533578,0.4111227695338277,0.14213561089008567,0.09852875766437506,0.10073302255907327
augmenter le volume,0.19444149213458817,0.4219796804819281,0.1519413568470827,0.1064433243735469,0.10879603253148647
augmenter le volume,0.19484236405332048,0.4274544171996792,0.15443357607629377,0.11049663609981641,0.10887155577240208
augmenter le volume,0.19195019645921696,0.45199096939575467,0.151663605907023,0.10996487952133023,0.11287410698001805
augmenter le volume,0.20264975829836152,0.4592659823363459,0.15362296351866217,0.11127029262644957,0.1110951896512304
augmenter le volume,0.20584412455083503,0.46771979711659345,0.15797143969963506,0.11216823717814008,0.1087277959774179
augmenter le volume,0.20981191468841237,0.4781354165567392,0.16012852175672904,0.11505027813001019,0.10923639545820635
augmenter le volume,0.2255562016024707,0.5024484408880471,0.16656899582923176,0.11757997565172816,0.11287178738646271
augmenter le volume,0.2357371945329542,0.5081870828674122,0.17919803568255604,0.12311856803421876,0.11504531319749156
augmenter le volume,0.236121009618318,0.5129862317785646,0.18143069113821597,0.12298969877139536,0.11521062677818493
augmenter le volume,0.23524289137871196,0.5210776785036061,0.1824789880250323,0.1304848096108962,0.12813715960433406
augmenter le volume,0.24028743656792986,0.5147644952048714,0.1893512020560738,0.13416461108055225,0.12810643562941318
augmenter le volume,0.23650044968299502,0.49843815495391813,0.1829580754832174,0.1367200443791705,0.13276487982613142
augmenter le volume,0.23351832163875558,0.48134789219478147,0.18251060090850063,0.13065751216439953,0.12597450280723818
augmenter le volume,0.22931559377307004,0.46780202819724753,0.17464386477480776,0.12774443420539416,0.12422862822097361
augmenter le volume,0.22351789938895503,0.4579454571323809,0.17211576048711064,0.12721584422352641,0.12151850308488671
augmenter le volume,0.21245545072518895,0.4268863481298038,0.1639303572572554,0.11798657167735484,0.11856453770958808
augmenter le volume,0.205181736706036,0.411871414519738,0.15210839765607556,0.11385021957256329,0.11092245434157416
augmenter le volume,0.18765900330344865,0.4072955458280173,0.14288943115111447,0.1112074889533683,0.10993036908015365
augmenter le volume,0.17858275936024715,0.4125270895241611,0.13960016061587527,0.11211502684191313,0.1098845826855727
augmenter le volume,0.14864269334764288,0.43552765940997296,0.14240052131403105,0.1240785799379744,0.12847853373881563
augmenter le volume,0.15471506138248142,0.42804444401736014,0.1385346979872208,0.1115185973034576,0.12326731091845172
augmenter le volume,0.1591400129336521,0.43366083300081937,0.14661530752849924,0.1140204822182735,0.11934974863282596
augmenter le volume,0.1645070785243694,0.42866821804020144,0.1477987605924479,0.1172342563086629,0.13227268776768375
augmenter le volume,0.16288857942228518,0.43242112601405724,0.14319576981875798,0.12123674839669883,0.12528022315812637
augmenter le volume,0.1699820587354362,0.43392552452612965,0.15527339537155904,0.13165299082327572,0.13807646613760005
augmenter le volume,0.1683830682451563,0.43129249406695547,0.15295869022241046,0.1268717873463664,0.12744201012931464
augmenter le volume,0.16807124354249078,0.4268506335518045,0.15051657898375015,0.12397364515293025,0.12411183660990412
augmenter le volume,0.1752872625576183,0.4239928219253933,0.1619818914085557,0.14006436516301177,0.13765387873116078
augmenter le volume,0.1713009058472524,0.4200956585024988,0.1610263184192243,0.13975773996201066,0.13763312576766223
augmenter le volume,0.16669720560500087,0.4042637113666556,0.15034898007701178,0.13439241922894993,0.13669705752789785
augmenter le volume,0.164693108574925,0.3933457931120953,0.15074554985898875,0.1287123057509945,0.1340374544765853
augmenter le volume,0.15880227086392992,0.3836109864109717,0.14307612483180404,0.11826241399325772,0.12168856127013819
augmenter le volume,0.15704836400102568,0.37800134550790754,0.14028181566561035,0.11698792114070006,0.12017120882151942
augmenter le volume,0.15720466430666882,0.36058680503810037,0.13696818383054307,0.10886531885034127,0.11246333613121227
augmenter le volume,0.15186734187278358,0.3486192401113135,0.13608764861120082,0.10780684861313532,0.1082335602757602
augmenter le volume,0.1437632801585093,0.33889341456146493,0.12943962100725714,0.10395309028344103,0.10809881656054157
augmenter le volume,0.1460890229533584,0.3357011244753704,0.12928281424575883,0.10012454178841734,0.1063803981075712
augmenter le volume,0.14155777380604953,0.3318152677624272,0.12675910948471306,0.09538535640774028,0.09999286066445288
augmenter le volume,0.14151612057762114,0.3465983200897896,0.12123552194858112,0.09428525270913378,0.09883776208392331
augmenter le volume,0.14701363564830255,0.3533303437972974,0.12397717559026543,0.0996238956415981,0.10321320237523958
augmenter le volume,0.15222116183477702,0.36901255179213655,0.12076079576557319,0.09861673807788565,0.10699066948581794
augmenter le volume,0.15960244722872335,0.3745566830629644,0.13601319676974896,0.10495940430586814,0.11120765617829324
augmenter le volume,0.15999211631471857,0.38260508136881904,0.1331732800309288,0.1046991596542571,0.11127214577883085
augmenter le volume,0.16752800435998833,0.41070857943204253,0.13866316913146795,0.1050695101766042,0.11461477722583821
augmenter le volume,0.17107469100901979,0.418559173675143,0.1470542566082814,0.1135245412837098,0.11965333053816825
augmenter le volume,0.17861709910177975,0.4356865710877634,0.14997697130880314,0.10948572322244837,0.11466083731213253
augmenter le volume,0.18509003682000183,0.44057531205960765,0.15628584084047484,0.11388376825489331,0.1165434177281339
augmenter le volume,0.1820074871417174,0.44479304471530307,0.1581375315104394,0.11320423305302577,0.11464419267463767
augmenter le volume,0.1916564822142755,0.4644618825943706,0.16070924167525397,0.11651407943287022,0.12160655725584259
augmenter le volume,0.18713081386129815,0.47374761685332273,0.15796953037678332,0.11228191061682254,0.11464474225486591
augmenter le volume,0.19249464936416208,0.47636084219118463,0.15882562013026832,0.1166274327525021,0.11846010429995146
augmenter le volume,0.19431176372982412,0.4813291464192355,0.1624851771901325,0.11904937001955146,0.12150115620952445
augmenter le volume,0.19275920081646877,0.4851470337076813,0.16420407608300724,0.12089564466736491,0.12272213382990144
augmenter le volume,0.19038499139251946,0.48711024246396056,0.1685502354976967,0.12146140460254012,0.11969956308009413
augmenter le volume,0.1968894997097353,0.48961755828358866,0.17027444740295228,0.12809125840989619,0.1277359505765584
augmenter le volume,0.19430019575215757,0.4827049597841171,0.16119184239805767,0.12216180440920454,0.1202934454975658
augmenter le volume,0.20157952148596142,0.48015086617029584,0.16086304632987614,0.12277498500243965,0.1183901228298528
augmenter le volume,0.20496845150767684,0.4765081287819098,0.1562779555425786,0.12073708206773089,0.11679540691848309
augmenter le volume,0.23040529746169927,0.48515500719866606,0.17767651602338555,0.13156749670661932,0.12320044401574783
augmenter le volume,0.22581490990376138,0.4824741638307776,0.1705603256746658,0.12667532687994876,0.11524336117750579
augmenter le volume,0.21927597573906507,0.4799619881915347,0.16234068800950102,0.1249922398855148,0.12057533012120292
augmenter le volume,0.21246678308023695,0.4774262583760096,0.160015855644586,0.12076257962363948,0.12059647732613138
augmenter le volume,0.20834609968718462,0.47717870940261126,0.16106372913142408,0.12053924856414097,0.12034336460257036
augmenter le volume,0.19935931174363614,0.4772008891534781,0.15349700911849673,0.1192768537752182,0.1203141412970136
augmenter le volume,0.18812789468140273,0.488722514382751,0.1787107980372055,0.1467809629786567,0.1532228652945934
augmenter le volume,0.18404624723574806,0.47212453082988215,0.16525670073584078,0.12995349095381398,0.13799102582539144
augmenter le volume,0.18139542159246325,0.4593565002884524,0.16075659503016396,0.13179643629409976,0.14345683757710495
augmenter le volume,0.18207883457584098,0.45450776911935814,0.1642393417994067,0.1368827775532808,0.1407900913389095
augmenter le volume,0.18192682378955574,0.43908663644912127,0.160042468510102,0.13501944365412896,0.13692349779693808
augmenter le volume,0.17704636962757245,0.43253993420165676,0.15872215639750753,0.1327337843203328,0.13650793696221705
augmenter le volume,0.1790307563732582,0.4314118568242105,0.1590576848118357,0.1393324223433488,0.144093298946353
augmenter le volume,0.17548340843604063,0.42760361115254253,0.159066782961006,0.13693257444461443,0.14065007567280255
augmenter le volume,0.18661749494629223,0.42185027976876305,0.18024901824842807,0.15042448818845636,0.14961086515958205
augmenter le volume,0.19229055693906588,0.4137018300579562,0.17738909234707956,0.14424874427887813,0.14826329642700217
augmenter le volume,0.18344482284900385,0.388479944515657,0.16020881223260647,0.13119324793032977,0.13350188282169784
augmenter le volume,0.16404064147713424,0.36163887486968954,0.14579859671751996,0.12413871888091725,0.12607676645178223
augmenter le volume,0.16058899739524263,0.3545247287908692,0.13673720291740743,0.11397603703563532,0.1237028903356874
augmenter le volume,0.15777869555050675,0.34543800019063775,0.13052983778843721,0.10830398604413947,0.11893579284982926
augmenter le volume,0.15203930039364127,0.32605421462289974,0.13131864847535085,0.10732569079073993,0.11423875792189454
augmenter le volume,0.15622699114811783,0.3263138665477016,0.13186316237776696,0.10658693151795766,0.11211513507394294
augmenter le volume,0.16036982191766733,0.31955167766109555,0.1334919606050426,0.10519358496197902,0.11305169013046033
augmenter le volume,0.15616208725025707,0.31688461299173376,0.12552152515556197,0.10307817066266145,0.10868787554220777
augmenter le volume,0.15978624425059432,0.31872836472757926,0.12357742429628313,0.103927731945761,0.10923257116256709
augmenter le volume,0.17742163269955724,0.3292274666209133,0.14447359149415687,0.11723789363409393,0.12025118285241408
augmenter le volume,0.18307258282645805,0.33052526167608176,0.1462660873948502,0.12119188909087297,0.12369148991605158
augmenter le volume,0.19633360173897188,0.3419275499263739,0.14350844988276992,0.11538056121278188,0.11559145918376111
augmenter le volume,0.20537730743778704,0.349309151342929,0.14951289102693696,0.11963127123284491,0.11994722540587309
augmenter le volume,0.2085713419290088,0.3536548011822574,0.14741937729844032,0.11912136921083288,0.12164974637606255
augmenter le volume,0.19423828624427805,0.3672805820193312,0.14422395635095872,0.11327604865984278,0.10828460639562762
augmenter le volume,0.20105536466344973,0.37738622301842734,0.15563098556636998,0.11648391706335409,0.1138626131216066
augmenter le volume,0.20385840020443113,0.38336262481241,0.1557194580067473,0.11661237821844256,0.11839544376475879
augmenter le volume,0.19713201232500155,0.3789485843637965,0.13456776115115499,0.10050670487505235,0.10669847887099919
augmenter le volume,0.1979339313887392,0.3755701287499984,0.1320612133303316,0.09701104779240591,0.09906414653280671
augmenter le volume,0.20491470259583416,0.38267167626117576,0.1421452300722845,0.10714143557342515,0.09725555459065788
augmenter le volume,0.2812872443576515,0.4445053085341119,0.12245738177366422,0.06991393406206378,0.07224542287056156
augmenter le volume,0.29442233802604634,0.4853225306265065,0.13950477005051085,0.08629331258392159,0.0758746421641277
augmenter le volume,0.31489659568071793,0.49986902151924456,0.15484876783291998,0.10304502883592803,0.0887072005183742
augmenter le volume,0.32176558163854835,0.5104362047346356,0.16666539818719392,0.09400468713788059,0.09364569570808637
augmenter le volume,0.32543260552587416,0.5175582602363158,0.16915520602696904,0.102019280073853,0.10456663751299553
augmenter le volume,0.3332952611170721,0.5204016711317168,0.1667694633752433,0.09757784696587356,0.10233897011566986
augmenter le volume,0.32584884350933796,0.5199915987603921,0.16087528730998077,0.0921200948872483,0.0968919220295845
augmenter le volume,0.327815823514297,0.52214053970445,0.1587038412611097,0.0975215117539684,0.10701480411060477
augmenter le volume,0.3250453673726638,0.5282340732444224,0.17445698501432585,0.1423598877807144,0.13450581095907513
augmenter le volume,0.3350033384223178,0.5409506868645527,0.17866304929596577,0.14217763408889217,0.13975826413886375
augmenter le volume,0.33715465788934323,0.5489903906480371,0.19589622802579032,0.12899003641271267,0.1256460141270288
augmenter le volume,0.336133572766473,0.5560719228535941,0.18964501258289151,0.13986341431701818,0.12846982625735318
augmenter le volume,0.33988666921753274,0.5643017245164936,0.20033030171484642,0.14496248567443576,0.13351025872421632
augmenter le volume,0.29979630817421066,0.5343651093663743,0.22613767101114807,0.11648856151938528,0.12164069855916912
augmenter le volume,0.3480120211456388,0.5779638237515026,0.20976635237224792,0.15494382128216583,0.1557544256367097
augmenter le volume,0.3224056003540996,0.5647332604586853,0.17882389540554264,0.11926569870052973,0.1312995148223822
augmenter le volume,0.32182823002296024,0.5464898693628195,0.16956206668253568,0.12677471703462403,0.12657664250380393
augmenter le volume,0.32304822728544946,0.5430562938401328,0.1651757450243407,0.12732789525465868,0.13176441203666797
augmenter le volume,0.3146730517933274,0.5377700828259004,0.17098999110882226,0.12264958324996815,0.12363054413712819
augmenter le volume,0.28825317973446474,0.5123908720786569,0.15092895596564362,0.09971887219015269,0.10127311064382578
augmenter le volume,0.2769197220407872,0.4959369271385779,0.14610294399585538,0.09684207210401644,0.09927023995458184
augmenter le volume,0.26925745933088036,0.4894606042789365,0.13923289758202362,0.09067755996886426,0.0998778816541505
augmenter le volume,0.26220760689926753,0.4619233987041108,0.14132328559469978,0.0933604777739426,0.10201880187613378
augmenter le volume,0.25526422352016664,0.44456092151770676,0.13354603320798977,0.08653229392505996,0.09735330079703602
augmenter le volume,0.24911933819449836,0.4328991073616574,0.1274408281975801,0.08584623443960276,0.09370167696708935
augmenter le volume,0.24629297750867152,0.4230015573905037,0.1251989758719287,0.08582101491860347,0.09424453985899074
augmenter le volume,0.24186012445129249,0.4147018702400013,0.12509142304216142,0.08776096300183461,0.09571293203937087
augmenter le volume,0.24058495817831071,0.41413453091201485,0.12174634478456749,0.0841243550428101,0.0934846026799587
augmenter le volume,0.24288779348337614,0.4189460234311207,0.12291602207894176,0.0874706830038837,0.09554093451747471
augmenter le volume,0.24477454056962286,0.4210735844195433,0.12355376395927511,0.08758187968555191,0.09255728766811984
augmenter le volume,0.25758926657388503,0.4315965442697509,0.12194921047950429,0.08499587690377128,0.08809212546148609
augmenter le volume,0.25014329863298346,0.4321164104041539,0.12474953884761915,0.08256466315033703,0.09303778555111308
augmenter le volume,0.24779069790360933,0.43373950551278134,0.12513989693829783,0.08216837031799482,0.09202241019110541
augmenter le volume,0.24093276098827635,0.43227340411869414,0.12886681971221864,0.085363960916273,0.09496697420426303
augmenter le volume,0.2412796777433472,0.4320127962793108,0.1294328462609311,0.08686515508477113,0.09273339227224149
augmenter le volume,0.24218735051324097,0.4330035626563273,0.12919680735369532,0.08547429892835125,0.09115641747318907
augmenter le volume,0.24466382667745676,0.4421407868548035,0.1359638444190955,0.09577682428483031,0.09711327734966611
augmenter le volume,0.2502251819110729,0.4493569267104521,0.13881462055141983,0.10037507449434417,0.10444270056900246
augmenter le volume,0.25575900011824326,0.4543489300842457,0.14682414233950558,0.11009215593908529,0.10687987653573182
augmenter le volume,0.2613898544903722,0.46766387427159234,0.1547939788238122,0.10566762627985353,0.11017339411062839
augmenter le volume,0.25617778813473946,0.46408206213144615,0.1433457664811202,0.09776121451934668,0.10478157669681325
augmenter le volume,0.25275636628818915,0.462426095994675,0.13365541995500402,0.09616957314530539,0.10304727920850085
augmenter le volume,0.24847183618320126,0.46061062270627373,0.13716076506472386,0.09728133629360713,0.10151822409591957
augmenter le volume,0.2551413288070958,0.4529365528526321,0.14199941016102927,0.09802922294985832,0.09534908822344675
augmenter le volume,0.24876507799145717,0.44867676936586387,0.13609925382091856,0.09316994104863528,0.09394586166869837
augmenter le volume,0.24909532114624577,0.4453813864728649,0.13321285107655248,0.09284651489773418,0.09346493610554478
augmenter le volume,0.24655221921268874,0.4342609195165237,0.13998468188163915,0.09560451223818488,0.0941228826973456
augmenter le volume,0.2430976927504738,0.4333480665282613,0.13408155356559723,0.09271622596050282,0.09309861785456462
augmenter le volume,0.24152616613421768,0.4327777418317073,0.136503090986698,0.09354452051729471,0.09285492447384171
augmenter le volume,0.24672085262067192,0.4574516440420841,0.13388543338614742,0.09674573345830875,0.09446600609327145
augmenter le volume,0.2534084288704577,0.46206329391565276,0.13676898746822644,0.0983242389467801,0.09553521690156964
augmenter le volume,0.25444283570886245,0.4717315192909637,0.14010399040016153,0.09418881674109524,0.09287799114029602
augmenter le volume,0.26566935587493457,0.5195492756003363,0.14611789066272093,0.09532123777471627,0.0952873686374467
augmenter le volume,0.2756172964364493,0.531287543148054,0.14238821777657776,0.10234708727888914,0.0969313003963242
augmenter le volume,0.28680911092647066,0.5507173661296205,0.15104743653359898,0.10938906171090935,0.10283411271362299
augmenter le volume,0.2913592809869105,0.5688495137821864,0.1540395864196831,0.1061735137812861,0.09013323233572411
augmenter le volume,0.29867782261461706,0.5778365968144029,0.16236607662569313,0.11574801920398158,0.102471940571035
augmenter le volume,0.302621037408243,0.5781356805991951,0.1607158124511615,0.11664879966939384,0.10368840018481801
augmenter le volume,0.30566346278255274,0.5768737841108614,0.16352917394546496,0.11807534467108521,0.10498828806927801
augmenter le volume,0.29285466561196694,0.5538754776110991,0.16579224260339107,0.12087547105826446,0.11219989201271154
augmenter le volume,0.2910447313168607,0.5378099084804897,0.16234031484366687,0.11302651974923004,0.11617738280678681
augmenter le volume,0.2895410111377762,0.5417448609710058,0.15582290456681236,0.11076219729552159,0.11048966063869504
augmenter le volume,0.28777938525162994,0.5274809553638214,0.1609103814957521,0.11101778799150444,0.11721769570817019
augmenter le volume,0.27688648093526247,0.49163764144023364,0.15569602348974446,0.11258258524658035,0.1148609275098764
augmenter le volume,0.269939530886044,0.4878752088259748,0.1504447139996071,0.10555195731740095,0.10880682135901551
augmenter le volume,0.26750795179367204,0.46459537555500324,0.15257255559522265,0.10947174338073178,0.10369641754119907
augmenter le volume,0.25929718786587974,0.45905731187652915,0.15012813111992684,0.10201679342005858,0.1016078536563831
augmenter le volume,0.2548322888027883,0.4560353619549924,0.14405102427122074,0.0990629853156461,0.09994449144029015
augmenter le volume,0.25337220485900824,0.4529215855271359,0.14575089834080587,0.10031425222817368,0.10011055882414756
augmenter le volume,0.25670633742666715,0.4563132687416551,0.16630545616265952,0.12385558490934842,0.12147647056647537
augmenter le volume,0.244917136089294,0.4488665133066689,0.15287588019245218,0.10861093358396096,0.10446110483095371
augmenter le volume,0.24435343511947497,0.4435124425766232,0.2053380149933782,0.12986176949539516,0.11575808449381012
augmenter le volume,0.2383885483433142,0.43370206796885974,0.1469694074782425,0.11344669308698237,0.10327053856157664
augmenter le volume,0.20144774484504732,0.3874559528274804,0.11586799330423551,0.07824833951693819,0.07394507112683753
augmenter le volume,0.2547561464844423,0.4376284158670039,0.1765565315574568,0.13287716552489712,0.11964408597486013
augmenter le volume,0.2290636662851462,0.42027151288154313,0.1433191431641551,0.09985974860020008,0.09861215565496972
augmenter le volume,0.2228683096980743,0.408956591947089,0.1319886101651133,0.09630968213761387,0.09523081307461914
augmenter le volume,0.21629801270772867,0.3984632045809084,0.1268791947020114,0.08639407784764636,0.08827857144531377
augmenter le volume,0.21008404234520348,0.3840683461307718,0.1260706371732633,0.08726724082338652,0.0918268223659304
augmenter le volume,0.2078832278496402,0.37623081105112494,0.12237094498200214,0.08340787945853646,0.08675901763574989
augmenter le volume,0.19720794628266944,0.35472649635309966,0.11600112851072462,0.08164912553228888,0.08532004752419638
augmenter le volume,0.19566476355456314,0.34962936891150387,0.11348498028661247,0.08015978875230388,0.08146220252888385
augmenter le volume,0.19246885315214723,0.34487513048727386,0.11338943927362642,0.07800064151363494,0.07993194484372267
augmenter le volume,0.19689745253579896,0.352462681010119,0.10935447423016996,0.07060348837703499,0.0799472390960043
augmenter le volume,0.19820554292888826,0.3601539267668984,0.10918195064351896,0.07312360745174301,0.07382943395157371
augmenter le volume,0.19998781678299773,0.368283086088153,0.11324046999213286,0.07349081915012724,0.0704956493222621
augmenter le volume,0.20367496946398764,0.4000202981933036,0.11558022822162604,0.07662904235221306,0.07071918638087053
augmenter le volume,0.21305708049013064,0.4077825036427881,0.12254024508816475,0.080586185507323,0.08116022979088167
augmenter le volume,0.22233632282696253,0.42134832898955876,0.13114081517529208,0.09005398980357282,0.08244047421141508
augmenter le volume,0.22756224600156902,0.4309476905404327,0.13742994041333523,0.09808356922822575,0.08939006414042258
augmenter le volume,0.240690657945727,0.43474543523989156,0.4641101779742173,0.1195972058812472,0.10520455298087746
augmenter le volume,0.240061162034727,0.47480246197425857,0.1429411850656201,0.09823013930711891,0.08796345322622975
augmenter le volume,0.24848112400373973,0.47597773275789157,0.14364801018042006,0.10032215216601588,0.09209801501253215
augmenter le volume,0.25266844961128915,0.47684064865980563,0.13765151445495896,0.09411835044788941,0.08812234983345962
augmenter le volume,0.2551352933576743,0.4846889849350021,0.1443654326178878,0.09807743077969132,0.09349185367905592
augmenter le volume,0.24672174604693656,0.5006150835131803,0.12335280407434403,0.08721176893245394,0.09219003916902693
augmenter le volume,0.2473549688353281,0.5122911913154143,0.13539799848896913,0.10097014264636717,0.09829753930188752
augmenter le volume,0.2255535791777009,0.5221830686691299,0.11675272269256991,0.09155168999232867,0.08844020839964742
augmenter le volume,0.21004511228841805,0.4245504461712608,0.14821248708358883,0.09720217315864338,0.08799163648335213
augmenter le volume,0.24532251035994318,0.43865394417934656,0.1760561042002296,0.14472147181975092,0.13962065827074235
augmenter le volume,0.24486949144181666,0.4144060809133943,0.17097211274405055,0.14109859805813438,0.1377918309348599
augmenter le volume,0.2542140107348939,0.3904051322782003,0.18693281440282083,0.15600092289760714,0.16149983811219917
augmenter le volume,0.24782358368623555,0.3827650775012796,0.18766865785620535,0.15061117033268057,0.15700688667665816
augmenter le volume,0.2423296881839632,0.38351897372253635,0.18102126553869965,0.1459136894289711,0.15566528756583745
augmenter le volume,0.23703200459922158,0.3805574753513784,0.1817599724784684,0.14698091262552848,0.15380952729967237
augmenter le volume,0.23970551501324175,0.37944246719003033,0.17932296438132975,0.1429226655237174,0.1514034108650351
augmenter le volume,0.2380311296360945,0.3784095959324691,0.17459658982131623,0.14116089682186897,0.14998796201275083
augmenter le volume,0.23763525840592895,0.3555990818259514,0.17150490394051426,0.14523209565871706,0.14872626301833086
augmenter le volume,0.23615225123731776,0.38210533014096243,0.17958121623407924,0.14157495869920048,0.1498009425193901
augmenter le volume,0.24046075218770413,0.3880412374718639,0.17829884058425072,0.1420527350183608,0.1523355658533422
augmenter le volume,0.24223151058291797,0.3912738927726246,0.1695906658868501,0.13710418312867156,0.14716537561230733
augmenter le volume,0.24257630689700393,0.4001052085349983,0.16961416771442928,0.1382162067810418,0.14599329507768002
augmenter le volume,0.25298837107559935,0.4197789937626349,0.17087664992171456,0.1353635753132787,0.14309659826745344
augmenter le volume,0.25987394734891717,0.42471787023999646,0.17580047594317133,0.14432360646963793,0.1470746592058592
augmenter le volume,0.2643694568274008,0.43177631436826414,0.17788158625157327,0.1396156154927586,0.14722265851127783
augmenter le volume,0.26826075889313417,0.43469125304819833,0.1753764813542798,0.1456074892898404,0.15326996445719693
augmenter le volume,0.2680219163666106,0.43764070161464746,0.1780700590444033,0.14513808991353125,0.1513590588051099
augmenter le volume,0.27220483156770614,0.43844373634936346,0.17838731018064388,0.14572228746954002,0.15522678864590678
augmenter le volume,0.2582555731132351,0.42869941342514206,0.1688576628590977,0.14903297417068853,0.15528137559117694
augmenter le volume,0.2537234498064089,0.4287646633581668,0.16897855323609476,0.1455442868450967,0.1524445030817527
augmenter le volume,0.25038474039913006,0.42529778844038757,0.16572914647618373,0.14092861287189343,0.14908038154021716
augmenter le volume,0.2683780891744771,0.4251410952128596,0.16113674393373803,0.14087998878838204,0.15364742680711493
augmenter le volume,0.24599288885083953,0.4162239201590281,0.15306954451218124,0.13362715441756357,0.14366189102543067
augmenter le volume,0.25642727038009044,0.411963243962193,0.14664132433432397,0.12940503220771715,0.13854351383457847
augmenter le volume,0.26795014036255116,0.4175141143847702,0.14262242753229432,0.1129185224015796,0.1298808185993375
augmenter le volume,0.26685925155797763,0.41469034995318704,0.13856425818849863,0.11162218009042243,0.1180289516649157
augmenter le volume,0.2664675460945635,0.41391049412792624,0.13414185934742084,0.10818354416996571,0.11485501188328207
augmenter le volume,0.2635146563068789,0.4131153945462729,0.1325546571356728,0.10717367562844488,0.11575248076407064
augmenter le volume,0.27290975802747497,0.4140379131397518,0.13488677228745957,0.10334578650429894,0.11298331450543896
augmenter le volume,0.26934354429724744,0.41287281068903786,0.13658478092496915,0.1077985842356203,0.11411655849855742
augmenter le volume,0.2697365048882757,0.40981248520160124,0.13821272105055862,0.10664051191796893,0.11115442224674381
augmenter le volume,0.2753967537272247,0.4094201725720073,0.1381375126716533,0.10580455877191164,0.10914369299890275
augmenter le volume,0.27250040372262174,0.40650913592005944,0.13129530456336144,0.10159294521153844,0.10856740222743808
augmenter le volume,0.26832268463441467,0.4027145689854628,0.13239790994676764,0.10040836662014077,0.10304832214247794
augmenter le volume,0.26157541125967143,0.3980918241609897,0.12849973843226356,0.09819310090125508,0.10221927254247419
augmenter le volume,0.2628025209875648,0.40632990708517863,0.1292990185351743,0.10340870233483196,0.11732344018397362
augmenter le volume,0.2578953485395149,0.3987664785590556,0.12694513939942564,0.09998926081252096,0.11323842484761767
augmenter le volume,0.259092702678341,0.4032923703999528,0.13078936562947063,0.10259010336232487,0.11864495949590918
augmenter le volume,0.25085815420787894,0.4101685233574284,0.12924657140857554,0.10692796470396548,0.12107036278254431
augmenter le volume,0.25627387403665247,0.415600786316189,0.12999830375103358,0.11055417291397854,0.12505865163403612
augmenter le volume,0.2583055693691835,0.41860087898592235,0.13837596233395164,0.11444532372823248,0.12526384329112253
augmenter le volume,0.25723354602584364,0.43081991346599374,0.13637387957239985,0.1048833936365334,0.12178687221633017
augmenter le volume,0.2592184025469256,0.4323590132943698,0.13997555861565836,0.10520204159479155,0.12291413987949984
augmenter le volume,0.2630103728153891,0.43347288962179326,0.13969570751873442,0.10436546438907501,0.12366655914063236
augmenter le volume,0.26376366504203935,0.4323133149362838,0.14028838682464076,0.1042454108478024,0.12050565169276177
augmenter le volume,0.2695918854054661,0.4411904491913319,0.14678055707511223,0.109510510773479,0.12069807978622966
augmenter le volume,0.2652677373904039,0.4328886043391842,0.14060022832768346,0.10236923786761828,0.11985646515852849
augmenter le volume,0.2681482649201303,0.42954705922220976,0.14375440325554614,0.10702391335721945,0.12161038193442948
augmenter le volume,0.2639805936189759,0.42292521612188844,0.1394365602029101,0.10171169140773856,0.1158068521048569
augmenter le volume,0.2541422923454885,0.40302283091295205,0.13823088635616354,0.10450444888625827,0.11236759213299796
augmenter le volume,0.2500181103381082,0.39422732710155906,0.1337305167097577,0.0986647524007121,0.11223672453060238
augmenter le volume,0.2448680066916505,0.3858924675171157,0.1296772710052793,0.09675954243042904,0.10746370759128276
augmenter le volume,0.236250907921969,0.36474868657429793,0.1303705312025506,0.10219193675843408,0.11293856187626806
augmenter le volume,0.2232335354667323,0.35203064674036993,0.12169460364748057,0.09649693023761179,0.10736107714376582
augmenter le volume,0.22090588043772655,0.3438150067421062,0.11913134444612418,0.09340921363232754,0.10534616054417058
augmenter le volume,0.21685922510335648,0.3375720365011794,0.11900656766664493,0.09263815286180209,0.10269758390734642
augmenter le volume,0.20443726248257083,0.3219184371779786,0.11779176548231726,0.09206606880915487,0.10662581432878478
augmenter le volume,0.19961204817744288,0.31058920543956126,0.11007321651091671,0.08804038646373465,0.09846608399262345
augmenter le volume,0.19840037104812455,0.3073188316055801,0.10921384812231429,0.08842697606836371,0.09751400823269261
augmenter le volume,0.19524151331395836,0.3044110903618578,0.1069857546143347,0.08419414042048458,0.09393408955808986
augmenter le volume,0.19728377164036193,0.30329001503261466,0.10275096048314107,0.08072230653392173,0.09263877653736714
augmenter le volume,0.19607362111844076,0.3045813095645194,0.10092327661080856,0.07927012270304261,0.09174415122309725
augmenter le volume,0.19917752002391442,0.3119270613432552,0.09656631791008383,0.07642071678757108,0.08859326139241924
augmenter le volume,0.2015290668120491,0.320548395165786,0.09681998894505263,0.07695275802316877,0.08915152359868281
augmenter le volume,0.20504626897026465,0.32503618191927,0.09887534481574449,0.0758949664232833,0.08619040929084561
augmenter le volume,0.20721876201200848,0.32890296552490234,0.09900059415046612,0.07679597952295988,0.08727985915924295
augmenter le volume,0.2111249428929102,0.33948314352615466,0.09905919908069538,0.07515542978940677,0.0873143685951313
augmenter le volume,0.21221884452454254,0.3417457858361736,0.10088510033427997,0.07876068083514182,0.08802120481614704
augmenter le volume,0.21483934437812224,0.34574565004179625,0.10182847572077516,0.07988556463249864,0.08885155728569241
augmenter le volume,0.22261292784996137,0.3674725970259118,0.10186582804158664,0.07724357084844599,0.08843548449317123
augmenter le volume,0.2258560449255726,0.37317016478948023,0.10310104822872854,0.08145965854119164,0.09009967314938155
augmenter le volume,0.22982366254743428,0.3794357062842416,0.10651111191972668,0.08437342311485617,0.09326046317038415
augmenter le volume,0.23149968004858762,0.38373566286893884,0.1075980633621486,0.08335874506568607,0.09338643711072274
augmenter le volume,0.2368727665196996,0.39820860800385127,0.11153476276590817,0.08589780250206995,0.0949972309071996
augmenter le volume,0.2409211546798805,0.40412427896098957,0.11261178425573336,0.08536901611801208,0.09659371029180501
augmenter le volume,0.2431719722148328,0.4099401234717626,0.11446236838583328,0.08686202360582894,0.09838446651698846
augmenter le volume,0.2489062210295296,0.4141238230984557,0.11629740076624616,0.08588377887378172,0.10330922071407649
augmenter le volume,0.2550664458155252,0.41588601482755577,0.11594742424465608,0.0845095341229886,0.10406732108842448
augmenter le volume,0.2631870621159234,0.4219067191931563,0.12021424949994011,0.0896343801698323,0.10581486773271415
augmenter le volume,0.26610359434992653,0.42858004968574703,0.12315746492934893,0.09046995971360138,0.10214815189120628
augmenter le volume,0.2834638157300604,0.44000680899142486,0.1316001905161734,0.09832522355309292,0.10235372952683502
augmenter le volume,0.2877433254211148,0.43996974284616897,0.12784496710694662,0.08654000293431183,0.09266526472324126
augmenter le volume,0.2898038421510343,0.43928576214222065,0.12589812651212737,0.08808563998153246,0.09511306313712853
augmenter le volume,0.293612448746631,0.44080689458399896,0.12787214825065962,0.0881437502122789,0.0949235604563127
augmenter le volume,0.2990903091054036,0.4477178654254891,0.1283691062585603,0.09349900417029273,0.09843883492246203
augmenter le volume,0.3006746697706181,0.44568694639153134,0.12960682988637506,0.09060956305913716,0.09621218403471307
augmenter le volume,0.29490313273434277,0.4473853817464444,0.12681323672340952,0.09061194094418414,0.09788116311204671
augmenter le volume,0.3001207776264515,0.4507589255283264,0.12647204967183878,0.09013432343317204,0.09828589925583411
augmenter le volume,0.2997347651461142,0.4515276394365905,0.12847812703698122,0.09304920935822704,0.09983186375160837
augmenter le volume,0.29673993204026206,0.445110451854137,0.13171380136700303,0.09974508569369263,0.10148266655098537
augmenter le volume,0.29053841537018493,0.4409546559824469,0.1277868300523809,0.09289997296273284,0.09557153088003426
augmenter le volume,0.2877035817888797,0.43697141640893444,0.1270554866377582,0.0927163426552565,0.09535859315519347
augmenter le volume,0.28523332908279836,0.4337510230462026,0.12751881001413531,0.09254979420205478,0.09511231033729638
augmenter le volume,0.27996896796681436,0.4255106723772523,0.13122256519088576,0.0974003433764061,0.09891959815000789
augmenter le volume,0.2752988887563293,0.4175125807288253,0.13366829840700997,0.10172296375251767,0.1005909198687258
augmenter le volume,0.2730059879097478,0.4149310805817608,0.13153932831848278,0.09911428367009222,0.0996408590384031
augmenter le volume,0.2687253722193256,0.4086718545672756,0.12737096680812093,0.0971581826459433,0.09638494439349939
augmenter le volume,0.2691678875683809,0.40999297901517723,0.1271888540777998,0.09815930248759294,0.09826580117681008
augmenter le volume,0.27316437378645564,0.41502373882425436,0.1300113050190158,0.10199201114446371,0.10101922992901406
augmenter le volume,0.27473946912332853,0.41892012374211607,0.12634087892856316,0.09828046628648766,0.09956926697032281
augmenter le volume,0.2777071692847948,0.42330636865885807,0.1290210283370566,0.09935148207746834,0.09894487642781388
augmenter le volume,0.27971710795424837,0.4279768632405557,0.12905856994420437,0.10017352873983998,0.10023855150949892
augmenter le volume,0.28344901597119504,0.4350642672683598,0.12939844303386677,0.0969875049929705,0.10031561708928098
augmenter le volume,0.29147412690460256,0.45141018734269533,0.12370823417336277,0.09487313309984502,0.1028972546137058
augmenter le volume,0.29668101190311846,0.4599811213875188,0.13058347713056423,0.09654864823414339,0.10481029662712887
augmenter le volume,0.3073824614053079,0.47639286759704835,0.13781032431748902,0.10432924290650049,0.10802694377050676
augmenter le volume,0.31196605339270406,0.484675143961891,0.14203325396715602,0.1072574794938583,0.11249673975108708
augmenter le volume,0.31896600995667757,0.49629056708559527,0.14343690413445828,0.10770308245972898,0.11407389013380544
augmenter le volume,0.32041712359881547,0.5043223202279831,0.14555706386318049,0.10725834239650221,0.11702584026949477
augmenter le volume,0.3275804739554902,0.5182906743878863,0.13919141933939738,0.10501364727082861,0.11546828253015946
augmenter le volume,0.3272986793930803,0.5187425787077057,0.14595163842041034,0.11057513180120104,0.1168664438282829
augmenter le volume,0.329299777572918,0.5228254357200965,0.14883162670561148,0.10966688593876431,0.12235980159298357
augmenter le volume,0.3329708507460488,0.5264655912656241,0.15265964858104536,0.11297802584149307,0.1268661691082641
augmenter le volume,0.3438079672950557,0.5358440175540358,0.14858700780773662,0.109130080681337,0.12326675565851201
augmenter le volume,0.33889749466464736,0.5385649863187306,0.15370569021139327,0.10952349939313304,0.12540911526288387
augmenter le volume,0.33374503248103193,0.5394474992617362,0.14807120794251144,0.10733196346433901,0.12538511277911343
augmenter le volume,0.33432214876741084,0.5353452569315117,0.1482731371542109,0.11035517655342694,0.12524883393322087
augmenter le volume,0.3269171155410723,0.5267021285751472,0.14582310910691493,0.11253008841803198,0.12863869988222465
augmenter le volume,0.32252622915846463,0.5168261104855513,0.14316923222316813,0.10745935555848982,0.1218555534309381
augmenter le volume,0.31698543220575587,0.512862665599745,0.14150152340376146,0.10435331623988313,0.11711517543136209
augmenter le volume,0.32270259338985285,0.5157859889536849,0.1409548519560122,0.10276061184739546,0.1165694358590105
augmenter le volume,0.3239364128618805,0.5170030977635609,0.14074677869317978,0.10264306716580865,0.11589303637513244
augmenter le volume,0.3251788948812238,0.518184287271761,0.14221351270331378,0.10325681721624952,0.11585609445914234
augmenter le volume,0.3246425707573579,0.519102125086272,0.1448230173257517,0.10813448034408914,0.11738177596920212
augmenter le volume,0.31964893707380637,0.5151615862725578,0.14214489189172771,0.10486347002245128,0.11760931719828113
augmenter le volume,0.31311975603840586,0.49610674243837916,0.1377008945489328,0.10457763732874634,0.1168267457276488
augmenter le volume,0.3030623822853517,0.48115011880372055,0.1369622596655887,0.10406021167657147,0.11616629115100051
augmenter le volume,0.29046631230309095,0.4424735441547425,0.1342713093809187,0.10305824360410466,0.11320832979144604
augmenter le volume,0.27096738406477866,0.4233436621822623,0.13069336588794056,0.09988962726146848,0.11176972834865762
augmenter le volume,0.26135051667422643,0.411525552883341,0.12432996604157953,0.09563119163733085,0.10588958497044235
augmenter le volume,0.2558838618142854,0.3996924876694503,0.12123317761998516,0.09301902235794043,0.10309199141449595
augmenter le volume,0.25045015680489907,0.38617104841871347,0.1235904059959196,0.09368521731493926,0.1069837088164658
augmenter le volume,0.24876810531467103,0.3811354488061977,0.11790011019190856,0.09542508689433932,0.10017944637985415
augmenter le volume,0.24913447387295784,0.3799797437875037,0.11466934219685117,0.09001123218756976,0.09914280907109489
augmenter le volume,0.24923532649681623,0.38207960895226717,0.1148162102998611,0.0907104183373484,0.09944505568432568
augmenter le volume,0.2506000056610949,0.3837576571137803,0.11373317318868878,0.08871583131680313,0.09735756422832065
augmenter le volume,0.25118665104705795,0.3844593026011472,0.11436725728367303,0.09015161054262145,0.09934293643391298
augmenter le volume,0.25123740411190176,0.3851857694424881,0.11342659640597269,0.08926052533315401,0.09781405333040377
augmenter le volume,0.25230285501285266,0.3854397593415067,0.11367564736337903,0.08878505337967828,0.0978926007140679
augmenter le volume,0.2535265882327796,0.38659308345338184,0.1149665812475878,0.08929506898142717,0.09820483987182285
augmenter le volume,0.25597060083159995,0.3895165140713057,0.11738188910271087,0.09086030322038269,0.10078446770684468
augmenter le volume,0.25593182255626007,0.39086292288766306,0.11738155830800556,0.09222219904141135,0.10165189666518953
augmenter le volume,0.2566086166059181,0.3892590006717737,0.11614536274204529,0.09081140948205012,0.09998269125368096
augmenter le volume,0.2562159428787784,0.3884952689122612,0.11543897877882996,0.08966574647945055,0.09934141756206169
augmenter le volume,0.25638247167055034,0.38906642712887207,0.1156807752475414,0.08992210374706447,0.09950289087114944
augmenter le volume,0.2556699101411842,0.390160104657682,0.11634728917907147,0.09087531426681966,0.09999331927387428
augmenter le volume,0.25709430138721484,0.393327850398655,0.11606795699047598,0.09014778183859586,0.10039138260817357
