diminuer le volume,0.3080096872055124,0.30432371399768654,0.25255945909193056,0.2202476519458365,0.21052287746498796
diminuer le volume,0.3495924769088152,0.3162365284788572,0.20751772148603434,0.1845072825798344,0.23029162350601087
diminuer le volume,0.24361631185217295,0.20598414304819465,0.09366428286821334,0.03909532264681951,0.04295493005478275
diminuer le volume,0.2586873443760563,0.341921266396119,0.198849247052778,0.13079326144007564,0.12989889591308493
diminuer le volume,0.2900991376701596,0.3779243025488177,0.2595179484925593,0.22148064768966946,0.22220031025032297
diminuer le volume,0.21910317955812042,0.30304717305612594,0.1375657763503103,0.10649732013400326,0.10606246149063718
diminuer le volume,0.2107435267131933,0.27514242013674417,0.09565634902842692,0.038646608611614175,0.035281852844644176
diminuer le volume,0.1988071077535027,0.23499283244978209,0.09643181923948228,0.033139715678971754,0.028119493943769523
diminuer le volume,0.22993442411832377,0.2637844154501776,0.1619165528911071,0.11443322307563664,0.11419041044896615
diminuer le volume,0.16657873989191269,0.20917107860572196,0.07732041986274167,0.022081238384998474,0.034061695451228786
diminuer le volume,0.17606010628061972,0.1900705808377866,0.09758130795881978,0.033840011935390935,0.03731457228335565
diminuer le volume,0.16233694460385031,0.1926810165491021,0.07088707970715932,0.01393518924819034,0.03800782772051565
diminuer le volume,0.15793609341665454,0.19323895267250368,0.08379992140211937,0.028312538213791653,0.048225757176767116
diminuer le volume,0.15094004231434524,0.18626393920489506,0.0885136762033371,0.03245776937141029,0.04928319798218139
diminuer le volume,0.17153654465071538,0.1990430358725907,0.1112981235482829,0.06414759619621418,0.0832071747457163
diminuer le volume,0.15658171555763542,0.19237686972016452,0.0996601579963788,0.050404451219990314,0.07172314989655496
diminuer le volume,0.1581633736661629,0.22563945929798293,0.0623781710533076,0.014024783709047887,0.05520681135260642
diminuer le volume,0.15855144549672948,0.2447768138035429,0.08891489154377068,0.043912615907562694,0.07588464570372068
diminuer le volume,0.16762512782362632,0.2565027870957861,0.08719846046142284,0.04091676666488804,0.057551901391232965
diminuer le volume,0.1857973070790882,0.2504521118921144,0.08958531055004945,0.044083232874603084,0.07739436629400301
diminuer le volume,0.1885975068206799,0.25438926693864494,0.09381551322911022,0.054744890865708565,0.07835667520498792
diminuer le volume,0.19888917097051217,0.261251062438877,0.09945794059843696,0.060662813657163965,0.0792041810120292
diminuer le volume,0.23516909961402035,0.2840692099571164,0.11556750874711241,0.0721742913724463,0.08136997874067749
diminuer le volume,0.23996533578651494,0.3349616241191991,0.17380890685070466,0.12129702083988068,0.11757767589925934
diminuer le volume,0.3131023037047302,0.36724805125154,0.22837045770053818,0.18410266614637416,0.16726136563852917
diminuer le volume,0.3203799908704495,0.40587038307271456,0.2701107985893862,0.21588995315008452,0.16973695000543365
diminuer le volume,0.2942663863149109,0.42829729444654147,0.2477921492815896,0.19729451840066659,0.1879767520335816
diminuer le volume,0.33643531792601383,0.44440246045896414,0.2509827759819754,0.2032779187391875,0.18422132470694413
diminuer le volume,0.35052785881874404,0.44566177121288153,0.24491940393624836,0.19950209380921372,0.18066996279645853
diminuer le volume,0.35959536244064827,0.45179027540212474,0.24796103201392336,0.20085666151700424,0.18396645821626792
diminuer le volume,0.3483328126129841,0.4471066085825542,0.2430462977877858,0.19141350310100597,0.1738537800800741
diminuer le volume,0.34877703098345275,0.4695563840774529,0.24077881563124723,0.19184299571892893,0.17772594906826303
diminuer le volume,0.35062907448212755,0.48568422654020876,0.23766488269788016,0.20058712166423237,0.18799874157198165
diminuer le volume,0.35486656941096256,0.4912410132588072,0.23123417761813037,0.1935504612188953,0.18411937619724814
diminuer le volume,0.3744523911691377,0.48629417311379264,0.23111139909824832,0.1921089654575313,0.17856752776622822
diminuer le volume,0.36489357912346426,0.48396792794270693,0.23248645982627525,0.19305660710509107,0.17820962129850282
diminuer le volume,0.363252472142999,0.4870804609324692,0.23324344163189112,0.19676479677590167,0.1808430632427919
diminuer le volume,0.3607127074127513,0.4829502940681088,0.2342644534993511,0.19405606089816976,0.17901754175016651
diminuer le volume,0.34590633690722944,0.4918743604881921,0.2393451080780204,0.20180313472963146,0.18747393551850136
diminuer le volume,0.36822945031675725,0.49040386301127203,0.23758841187134094,0.19749022734540686,0.18579416381258107
diminuer le volume,0.35566062040001817,0.49105853596176563,0.23781493544637522,0.19758273198210657,0.18566199452344914
diminuer le volume,0.3567900861830697,0.4847734812427806,0.2321044644175411,0.19239654192156225,0.17781154025706805
diminuer le volume,0.3623787231585255,0.48531833806825553,0.22707238830779705,0.18787828048757316,0.16930991554790767
diminuer le volume,0.36408764235585495,0.493364456064116,0.22690940068454402,0.19313286148093053,0.17558846521606675
diminuer le volume,0.36478094083394785,0.4933102326918601,0.2339804657475802,0.19649619803454016,0.18258966512445501
diminuer le volume,0.3575168383621116,0.4923894000840813,0.23270268755243617,0.19340581388803726,0.17688303807769304
diminuer le volume,0.3607716052475243,0.49342861516453534,0.2347364086261491,0.20048672650272237,0.1884455857286786
diminuer le volume,0.3620036016987241,0.49468517787750316,0.2420582078661238,0.19964468540304525,0.18327173187492116
diminuer le volume,0.3585814806166796,0.4947934758117266,0.24116408840545642,0.19919011207096082,0.18274559263607512
diminuer le volume,0.3618882875471801,0.49693791815867744,0.24350129780891863,0.20018674348243146,0.18324235504088324
diminuer le volume,0.3641094963781969,0.4963689283877344,0.24714090594974333,0.20182789102015636,0.18553285516891743
diminuer le volume,0.36066352516537387,0.49389539648172964,0.24863514280930238,0.2051786719972353,0.19030544808630284
diminuer le volume,0.36124621026959725,0.4929372388786599,0.24562684570696627,0.20196064965800417,0.1867352870008994
diminuer le volume,0.3541873523847645,0.48788453958379324,0.25165807228875126,0.20433557672443903,0.1873217068334238
diminuer le volume,0.352098860865592,0.47765281111116575,0.25046060121538194,0.1992087453628251,0.1793958579798165
diminuer le volume,0.34892252551126995,0.47047304759598735,0.2479877346183154,0.1992898649941255,0.17908994812976964
diminuer le volume,0.3441129751324046,0.4657637324470302,0.24438698205293588,0.19452183250994917,0.17206644027739368
diminuer le volume,0.3349228889389748,0.4581005570980932,0.23892186920606961,0.19075108998100515,0.1687307987167097
diminuer le volume,0.3250678452844949,0.45188763055699516,0.2346387295414665,0.18943143624502895,0.1679597476473144
diminuer le volume,0.3240205190486639,0.4361843354234588,0.23028135436805636,0.18569569568497177,0.16561605962736542
diminuer le volume,0.29247856536688105,0.41347023173159053,0.2267168087979841,0.18095912609923778,0.15809038669063744
diminuer le volume,0.3568907808216015,0.3858407084082347,0.24692150076538935,0.20584767516874236,0.1786432807395853
diminuer le volume,0.3576771140907534,0.4071666150567206,0.2373407408958471,0.2056715549932183,0.18893561340655654
diminuer le volume,0.3335563677036493,0.39903985169767414,0.22278805063513119,0.18920497041922213,0.18655947917654495
diminuer le volume,0.3393858754109516,0.38440871890633427,0.20555552350414863,0.1733249599058536,0.16634277513623225
diminuer le volume,0.3475052497497722,0.36416627030880144,0.20545818344544123,0.17699193383544762,0.16716839333283776
diminuer le volume,0.33439503905778256,0.32939330450396725,0.18780589276411383,0.15490272149365664,0.14860102405254527
diminuer le volume,0.32633430211349757,0.33311545865192455,0.1895869635207148,0.14752325385831275,0.12161084753295465
diminuer le volume,0.29110719425531845,0.30037970442854317,0.17217362749119552,0.13797264187402627,0.13510004366901515
diminuer le volume,0.14907325885473185,0.2013415965938429,0.060669837935236275,0.025980165197490683,0.06669120585633077
diminuer le volume,0.2472011595661938,0.30955049840283677,0.11966225878971906,0.10174791855067535,0.09775543738181929
diminuer le volume,0.17201566325570344,0.3520969958635466,0.1611920283868793,0.15161207318131395,0.15981987805298484
diminuer le volume,0.15581164083407692,0.2594545165764061,0.1345122983638255,0.0868828876919887,0.08379257980414508
diminuer le volume,0.20184998046160801,0.3403147337683979,0.1723643702043152,0.15716424502092954,0.15717498649651873
diminuer le volume,0.14295629739500373,0.2655524740885167,0.12123383193401327,0.09963816113485151,0.11270968765070823
diminuer le volume,0.2006737448602702,0.35081403127845734,0.23723920068554305,0.1473667423363353,0.14689691748141617
diminuer le volume,0.1631719436028549,0.2975260995478832,0.13930301994978217,0.12757866730286077,0.13387724757107694
diminuer le volume,0.17468304575040872,0.3109752854908442,0.3158931943180247,0.1198317528670846,0.1322976676940251
diminuer le volume,0.24050862236105156,0.35695622774521296,0.16451017448878738,0.16941493530630305,0.1730613807472352
diminuer le volume,0.22602738929979296,0.3645935619433996,0.18914315630235481,0.1827550871524582,0.1800607020590653
diminuer le volume,0.1890621326054183,0.3535985636655206,0.17504033346394415,0.17257861797897994,0.1763765624503827
diminuer le volume,0.23619348996263373,0.3524268952616633,0.3598048697589794,0.3115128634009706,0.29026689513252835
diminuer le volume,0.20812910644375082,0.37386572255033207,0.18220276618439185,0.1796664904098036,0.1818621892274113
diminuer le volume,0.15411773206001775,0.3236480914172631,0.1516854891261939,0.14835294982414543,0.15172092484013533
diminuer le volume,0.2522310774902493,0.3548538734089953,0.1945963510605155,0.18543372894889282,0.1773836784424448
diminuer le volume,0.18009061406741264,0.2766422079701414,0.13044863749072258,0.09691318837968602,0.08892867055098781
diminuer le volume,0.19936780679700866,0.3112034936880873,0.12970298248505013,0.13362999950740215,0.1419633824186128
diminuer le volume,0.24882571510969226,0.3295697295226947,0.15643281204238718,0.1331930922858854,0.13556008092672597
diminuer le volume,0.3037854709750543,0.32515785980539774,0.16220063613544322,0.14981560299595797,0.16097145358794845
diminuer le volume,0.23964194376261308,0.27936612968637653,0.11666749378867615,0.06164554576575625,0.05317771156500767
diminuer le volume,0.22315057913165806,0.2076858149152696,0.15531295533867862,0.11989426651393549,0.10114625331256845
diminuer le volume,0.22621576829252416,0.32247380058143826,0.13489982089071595,0.07969062021286426,0.033182475731256114
diminuer le volume,0.21532681320366343,0.23384634492723205,0.1310709219031641,0.06954328090199353,0.01631574553449554
diminuer le volume,0.18498930926787369,0.25810223785333103,0.12269459569542648,0.06045816501026963,0.02434120452606525
diminuer le volume,0.23303166211253903,0.3108649935825131,0.12410142950140328,0.06573192619209871,0.014988276834777863
diminuer le volume,0.19983784917620304,0.3260406103856573,0.15644544661503906,0.08792719293881578,0.03700124042806139
diminuer le volume,0.29471490839071773,0.3833939770425997,0.1930666128075085,0.1222539897591998,0.07297787340215808
diminuer le volume,0.2712056322248309,0.399962115518221,0.21533986131646546,0.1636380064185223,0.11913906323678726
diminuer le volume,0.2779161845937006,0.4031110701333621,0.2324496620481364,0.18464317899218016,0.1357455273780695
diminuer le volume,0.3022489724284628,0.41195767399846006,0.26399502102582634,0.20193870160107943,0.1569535664903519
diminuer le volume,0.32950432980612226,0.4237182716205342,0.274572228310987,0.21214069200110397,0.1758658382014339
diminuer le volume,0.33329887651246953,0.43472206797452195,0.2904034175961697,0.22090243873889756,0.1828072949229375
diminuer le volume,0.37351520125818183,0.4553952174348625,0.3485888011139208,0.28071536899853344,0.20780889462838498
diminuer le volume,0.3833099084281561,0.4565557708829867,0.3603920612941124,0.2818964370383854,0.20314712966055068
diminuer le volume,0.3739919359950293,0.4664067852287734,0.3839972363752772,0.2889609991388309,0.20500824956436878
diminuer le volume,0.3868752349069975,0.4957126704177013,0.41450724375210923,0.3055064674281242,0.2348789318636259
diminuer le volume,0.36376117056856944,0.4828063774307915,0.35576470507478763,0.2933087967115631,0.24688624692394764
diminuer le volume,0.34789714256231424,0.48190108503981227,0.3165637562005089,0.25593274709924957,0.23483642723521556
diminuer le volume,0.3783325514412518,0.5057075071187581,0.28867104527401594,0.23244785790379227,0.2089309859346162
diminuer le volume,0.38864836032408967,0.5077920274695839,0.2760408832143747,0.22227098356647915,0.20870299912669174
diminuer le volume,0.37090050228551913,0.4985894636496864,0.25198619236909614,0.2062130137141984,0.19211771629936641
diminuer le volume,0.36072201958634725,0.47904429943039073,0.23982464920022473,0.1907950774782662,0.17292075698482087
diminuer le volume,0.35888382824226833,0.4649004507663229,0.22629852242471013,0.178156275093597,0.15630375451103984
diminuer le volume,0.3625277487346807,0.4176601944284173,0.19613561194722207,0.14864020763804656,0.11927985062930531
diminuer le volume,0.3149750776597214,0.408536847913622,0.19755835778111486,0.14878830626379064,0.12709348836229029
diminuer le volume,0.30124759907011994,0.36668777085757015,0.17933240839861073,0.13699161007292968,0.11842956352871681
diminuer le volume,0.3060157568766728,0.4150582132363636,0.2029412164265901,0.16174871918433276,0.16241791769607083
diminuer le volume,0.35140308516163077,0.45506340601953044,0.23346547034484594,0.19676704922684848,0.2008753732545017
diminuer le volume,0.3598053602043425,0.46552579831074364,0.22242372730686572,0.1878025010705959,0.18001469733393635
diminuer le volume,0.3169515486317506,0.3601359757750426,0.24538730123655236,0.2040231655349656,0.18889468717471045
diminuer le volume,0.35595052626654167,0.4752418502228627,0.22806297508833057,0.18841968411221255,0.18070181908290955
diminuer le volume,0.34738740571751775,0.4461137590622141,0.21427291235100027,0.17703464383196107,0.1593788565209351
diminuer le volume,0.3500245101149624,0.4536531243492652,0.2220966425114855,0.1761147951436846,0.1567379785551944
diminuer le volume,0.36125079739370847,0.45982286359574537,0.21349804981258017,0.17397448536050672,0.16167208899252716
diminuer le volume,0.37107388875642444,0.4656193210060714,0.2202112217584713,0.1855802013936106,0.17838070102608616
diminuer le volume,0.36684315978212173,0.4675619526439394,0.2261323136442702,0.1814744326523386,0.1679261103582576
diminuer le volume,0.3254312868016338,0.4551876019598781,0.2227297425694451,0.18492947253547393,0.1692994840565334
diminuer le volume,0.33389368253092994,0.4603677220649294,0.22862847277923948,0.18680271094272027,0.16596888052900527
diminuer le volume,0.3582257018632264,0.4641998545622813,0.22779087525122413,0.18059848769451428,0.1593770957419152
diminuer le volume,0.3745393610153642,0.4581286049212471,0.2275744457359884,0.18420221473556983,0.16896814762559545
diminuer le volume,0.3841624715322621,0.4597173169028391,0.22014836732372353,0.18308877502926738,0.16765955141642694
diminuer le volume,0.37835776685672884,0.44301634411651725,0.21059383182952024,0.17160777162641921,0.1530995606094808
diminuer le volume,0.3697372700100816,0.4308809412020242,0.21870601914719237,0.1750130621919443,0.1533145210223606
diminuer le volume,0.3380097746888133,0.46983131064535044,0.2325050553113575,0.18897243872767233,0.17377620119918788
diminuer le volume,0.35026807598238413,0.4708366262049287,0.225349961345837,0.17990182360567517,0.15687584701250334
diminuer le volume,0.3299093619118868,0.4440775645601149,0.2192389053569388,0.17574617405714393,0.16121942741291065
diminuer le volume,0.33102112917269993,0.43985803820907754,0.21587693215265266,0.1757888017512619,0.15326590286811187
diminuer le volume,0.31635339184536976,0.44928075119854605,0.2156886287098521,0.1747983155424373,0.16174219830186493
diminuer le volume,0.34089449340885236,0.4639982462191739,0.21700988486056239,0.1799605069750978,0.16712388732530112
diminuer le volume,0.35877610884597994,0.47440196809241825,0.23256731815119508,0.19105944703801908,0.17649930069795036
diminuer le volume,0.3646838202321576,0.47273868073915226,0.23232632320610083,0.19373502687392619,0.1760373858950156
diminuer le volume,0.37689872487246295,0.5011240624775898,0.241403623133715,0.19387375011176966,0.17290916209218724
diminuer le volume,0.38013563339369105,0.5014922679223075,0.24381814863978166,0.19110500948526776,0.16692187662822783
diminuer le volume,0.34269936692352443,0.467459225731783,0.2077896370058873,0.15038017477138815,0.12147759472848906
diminuer le volume,0.31441168032922584,0.44947210024375817,0.19007870386741832,0.13358242126855188,0.09140953494222874
diminuer le volume,0.299093737819549,0.43897840586323017,0.18283441723339292,0.1301677252139326,0.08833285790515759
diminuer le volume,0.2847158102996255,0.439951696021743,0.17795156933906148,0.11822843186997724,0.07690278188489832
diminuer le volume,0.2596218330046316,0.3976552456357318,0.1548630454182907,0.09387598986516578,0.04584169098360182
diminuer le volume,0.2509163519324944,0.39243307594661864,0.13917773291603416,0.08769332465149081,0.05308146388788952
diminuer le volume,0.252085849157795,0.38192270963598257,0.15374865825270526,0.09378121079536292,0.06094441734679603
diminuer le volume,0.2595163764057911,0.3872943256374915,0.15682122708803287,0.1008882187610461,0.06701697608343307
diminuer le volume,0.26181335954215956,0.3531852146452899,0.1241675510663531,0.07650497273764861,0.05814307307848341
diminuer le volume,0.2448269896483231,0.37083613464641585,0.1484657407383798,0.09455338683565201,0.07302585791749407
diminuer le volume,0.2986362867012824,0.3879156553694501,0.1525072740358467,0.1092139201176874,0.08244168636253063
diminuer le volume,0.3120457385921556,0.4083810920404722,0.18902019105385479,0.1241507339534336,0.09367576335556409
diminuer le volume,0.33871201707346,0.42431278647026727,0.21422892625307677,0.14856259294585536,0.153589187472522
diminuer le volume,0.343497666549464,0.41705320188801503,0.21245319769019155,0.16703426269645305,0.16109832074764116
diminuer le volume,0.3523000860795188,0.42545371629926315,0.21662534446175233,0.16628738936697265,0.1682953149568902
diminuer le volume,0.3732365716569341,0.44653488149043263,0.2844476355820117,0.19749879403962417,0.19712654118420786
diminuer le volume,0.3616727873076706,0.42858272979412076,0.30797954274280426,0.22168135147156795,0.20496191274016512
diminuer le volume,0.356985596010164,0.39660899316715736,0.2572686890430282,0.19990499439874307,0.1979800464201879
diminuer le volume,0.3824755337017524,0.443116598182726,0.2167349920311863,0.18155185163208715,0.18375225850093807
diminuer le volume,0.38938627880386295,0.44583568977585497,0.22609188288817,0.19210323612743443,0.17736871789219583
diminuer le volume,0.3651464684460746,0.4419507127306434,0.35103726968131654,0.21109434994439785,0.20825882114913408
diminuer le volume,0.35604042556470344,0.4422914475938009,0.3556963351702674,0.20051989650151023,0.19235971884603079
diminuer le volume,0.3610582877915795,0.40702313716993993,0.30335336953582653,0.21752114384417415,0.1771772185138042
diminuer le volume,0.35946121075752036,0.4160890920865224,0.3354018058959334,0.18524053021007633,0.1845567748872939
diminuer le volume,0.37415092552396506,0.4361492910535873,0.20081751915787477,0.1786134903077151,0.1765395669723175
diminuer le volume,0.37568713675014015,0.441703875321899,0.2048991314567731,0.18026316399935222,0.17574069578548593
diminuer le volume,0.3712383912545825,0.45419164527737604,0.251920159860521,0.18846913079702665,0.18800557807417045
diminuer le volume,0.3807573674359959,0.4820058377135719,0.34271779822167786,0.22164802066591682,0.2187295616519412
diminuer le volume,0.3817425688868989,0.5015375903578854,0.3687479326709026,0.23950102834801726,0.2311666414836132
diminuer le volume,0.37802002477361724,0.5514170488776946,0.38645162794763943,0.23338536162284773,0.21789273861109656
diminuer le volume,0.400142744107063,0.5633247531095495,0.35492915901009653,0.23310692007784092,0.21449178241418504
diminuer le volume,0.40821432583014783,0.5605366609323247,0.3724251149064249,0.2380626813821754,0.218494707589265
diminuer le volume,0.40183743262692334,0.5424661828197852,0.30658066411738344,0.22157061825403582,0.20669694991695065
diminuer le volume,0.38099514625307906,0.5307614133873287,0.3056675434128535,0.20991157797190788,0.188809130921175
diminuer le volume,0.39170514103267096,0.5311268615315143,0.2792902471864559,0.21342833046182047,0.20378080920777936
diminuer le volume,0.38146404857506216,0.5224515179525393,0.2710153142944234,0.2001557931628541,0.18654094254087392
diminuer le volume,0.39155925534918185,0.4754725840313369,0.347296501146206,0.22537624632613626,0.2096776906029703
diminuer le volume,0.37354514582517573,0.4645991795429606,0.32760800502712056,0.20027344672990335,0.1897905965022595
diminuer le volume,0.37235351781880033,0.44283871742309117,0.22273141501954263,0.17309081742647128,0.15974074214599743
diminuer le volume,0.3652881576324124,0.4444419114246245,0.24144906893806986,0.19096694195423577,0.17966913997389308
diminuer le volume,0.3673813882826195,0.4447459291180138,0.23198283184599555,0.1795616125515991,0.16960341657642702
diminuer le volume,0.3663263116618925,0.45180225484770886,0.24345857295197146,0.18287434266973174,0.1685583608528168
diminuer le volume,0.3787026470253389,0.4785735473319895,0.3181555956396183,0.2008449740636899,0.18025810339610293
diminuer le volume,0.36883049833371806,0.4794080381589207,0.3123888114578042,0.20328148181938702,0.18578473075304525
diminuer le volume,0.3685557991271477,0.49511138263966076,0.4154533425182603,0.21636776681114686,0.19808274323177893
diminuer le volume,0.4257812746961869,0.5204862016236426,0.28938575241246184,0.2166090057988419,0.20270765220654177
diminuer le volume,0.4270085531520179,0.5329526366692686,0.34592115655926453,0.231381357455056,0.20412398902245532
diminuer le volume,0.44603491150622293,0.5466262239655736,0.3158224523361624,0.23995894604267426,0.21935996179696132
diminuer le volume,0.4264871328499122,0.5360814137413429,0.28058416891099175,0.23207574489647964,0.21499773893053833
diminuer le volume,0.42292447617311624,0.5375136032450026,0.2840886781720811,0.23216504379336037,0.2137099944108207
diminuer le volume,0.41579126316376414,0.5263505473788969,0.2727039396992044,0.2293047483352964,0.21413642570368716
diminuer le volume,0.4064771166172539,0.5140488516504069,0.29999473262538423,0.23996990195449364,0.22262825629688435
diminuer le volume,0.4055816575970601,0.4895294819880867,0.27131672141100066,0.22330693188178977,0.20139850495360323
diminuer le volume,0.44013130928984634,0.50133368649247,0.2799089286137223,0.252994222782831,0.22426467120255242
diminuer le volume,0.3769897209996751,0.4971672619842062,0.2814257167653583,0.25539286060370825,0.2349648672249684
diminuer le volume,0.3772573109326817,0.4887724153840716,0.2765896489758804,0.25092926324263526,0.2468154192174194
diminuer le volume,0.3713626694352828,0.4656662608959163,0.2660362651910063,0.23284522361385118,0.22277312213639155
diminuer le volume,0.35770251163490197,0.4534751360285173,0.2630466501495859,0.22856622547018263,0.21901997060971357
diminuer le volume,0.3518438580606322,0.4380301106023487,0.2515565614087832,0.22018756049354074,0.21016663965004365
diminuer le volume,0.31750600896899633,0.3900445805498076,0.21295406586091808,0.19453647755819337,0.1945892475563617
diminuer le volume,0.3192727207513341,0.3445265860533022,0.19324832499515737,0.1739076561439864,0.16857271940677465
diminuer le volume,0.3132335113418923,0.3372471268737501,0.18855561368793905,0.17189108373519857,0.1602290880184117
diminuer le volume,0.30523475209750406,0.3369869696380185,0.17822803621083322,0.16001033993773384,0.15607710444767003
diminuer le volume,0.30302416298081647,0.3306037794466669,0.17501216940180686,0.1588106804289828,0.15244828354480486
diminuer le volume,0.2770213495498431,0.3217780649596559,0.17647068891121517,0.1581344644245068,0.15270431632794634
diminuer le volume,0.2826173996828114,0.31043649477147933,0.17827268799394938,0.15592414551407105,0.1466871415869388
diminuer le volume,0.28268354883821667,0.31729532377998143,0.16985833260749278,0.14907820353824827,0.14040450245962924
diminuer le volume,0.26798549168966496,0.3177670226626649,0.1663015208223654,0.14495414505728008,0.13663302783630865
diminuer le volume,0.2716616261276659,0.3160312224687058,0.1628736859642864,0.14475176083358174,0.1386124745076267
diminuer le volume,0.27048004306296436,0.326007464502526,0.16416733258379304,0.14639831493890326,0.1387989013906215
diminuer le volume,0.2755256761681939,0.3344464840750593,0.16966365279295717,0.14958685561607887,0.14073210223569854
diminuer le volume,0.28084630810991146,0.34050355486174344,0.17063226245248825,0.149691860643338,0.14323079516484816
diminuer le volume,0.3085859585040659,0.3722578146213943,0.21550150478563018,0.18502343443169444,0.1674665357293573
diminuer le volume,0.3237824975426105,0.3865706496213144,0.21315805620142184,0.1852301864773907,0.17325112868176562
diminuer le volume,0.33916534138416105,0.39615310775668416,0.22934511429374504,0.2039320865244021,0.1852376965399908
diminuer le volume,0.33928587809406724,0.3988706147626248,0.23730404706926428,0.20109565311498145,0.18094057922401266
diminuer le volume,0.3602335181178624,0.44068565789502767,0.27788817272733307,0.21446841868577274,0.18891757873737786
diminuer le volume,0.3845321109140297,0.47552944325638385,0.2518592856734044,0.21605762330980868,0.2035938551893333
diminuer le volume,0.4019516841655727,0.5026362520280112,0.27534917187574504,0.23860498815385459,0.22537015588916176
diminuer le volume,0.4099265898642241,0.48711666476336396,0.2724658559827695,0.2356132917108818,0.22489977617088233
diminuer le volume,0.4121082474051914,0.48650480432732407,0.27255836769349884,0.24323134323313803,0.22751937887775178
diminuer le volume,0.42676393258558887,0.5184278406035838,0.2647637260085378,0.23674151568292795,0.22398296140405022
diminuer le volume,0.44098438683919106,0.5468936571186805,0.30129030237165655,0.26049558062852096,0.24138408458562152
diminuer le volume,0.45428160850475546,0.5642523465736853,0.34389956458697807,0.29003465660450756,0.2669449183691473
diminuer le volume,0.4668459422056579,0.5724046258342179,0.31968144561301054,0.28500580768316625,0.2714619930310184
diminuer le volume,0.46871057893757667,0.5677292509707013,0.3049665714254744,0.2736272710016001,0.2625548257986696
diminuer le volume,0.4085866759468069,0.5383328895892338,0.3047699233251317,0.2857948022459347,0.27860052294084964
diminuer le volume,0.40874836755656485,0.5304347619109636,0.3038249846863094,0.2745297092097177,0.27270667700417955
diminuer le volume,0.41222239214652096,0.5352569210761805,0.3032416638758607,0.27563111391614215,0.2746679237642239
diminuer le volume,0.4158341058449839,0.5228472703837991,0.30471912744049484,0.2731643056492469,0.2659011597135863
diminuer le volume,0.4031921187450949,0.5175599789366339,0.2834316220658966,0.26131497659881175,0.2554839384944692
diminuer le volume,0.39476810367410353,0.5097066265939502,0.29021672607730653,0.2581788085282725,0.24737551512339973
diminuer le volume,0.26679197570775787,0.3720738356269638,0.356683689872535,0.3238026267565882,0.2719130487332649
diminuer le volume,0.3729663848155338,0.49859469452235505,0.28356788121801524,0.25389958450180955,0.24758682225834003
diminuer le volume,0.20910163860859027,0.3104732730816066,0.31846343504016256,0.31213887328217466,0.2918140320550402
diminuer le volume,0.39076670959570686,0.47736503746437314,0.27175764416401177,0.2340534684388092,0.2027852100626182
diminuer le volume,0.19778346179327855,0.2882930995856495,0.2872053887640332,0.2411166893671677,0.2024850663752186
diminuer le volume,0.3859935991414489,0.4798165986725245,0.24580705950777038,0.20998043850478126,0.1860822145689428
diminuer le volume,0.3907533375319425,0.4726978033979097,0.2344469591950612,0.1992144870496311,0.17978669311043016
diminuer le volume,0.32481561153119326,0.41837479687292284,0.2945259139536942,0.18527689459290542,0.16793540845081814
diminuer le volume,0.31636012963815724,0.4187149431229789,0.3157964397776088,0.17340934835139124,0.15475410295131978
diminuer le volume,0.344143118925276,0.40243565236966833,0.21783571059209741,0.16661224182278897,0.1403710912289736
diminuer le volume,0.34465209922973533,0.406290550248432,0.20937724081033546,0.1616186016446214,0.13365711443716982
diminuer le volume,0.32003360843853884,0.4049803407654246,0.2201726378003683,0.16377733401053374,0.13489231824342726
diminuer le volume,0.3143088018377933,0.39456591903703914,0.19776185498640958,0.1500276693522962,0.12399406964036959
diminuer le volume,0.3175464397389533,0.3906660377417122,0.3042384738813241,0.2135380063699029,0.15568925279446982
diminuer le volume,0.2840054548399989,0.38806299286893237,0.3399843679803588,0.14762641340079263,0.11888891096447775
diminuer le volume,0.31448630183659493,0.410143610412429,0.33999048931934467,0.25029770970313786,0.18496428386366096
diminuer le volume,0.10152106599552502,0.11994926189631103,0.11130242867720386,0.0942856248927868,0.08646415922340225
diminuer le volume,0.4016179426401644,0.508834227080952,0.2777191446904238,0.24316135039947098,0.23338954323155794
diminuer le volume,0.40928923373892867,0.5223898491065941,0.24593304947260253,0.23000029023853966,0.22749203633892237
diminuer le volume,0.42352212413389473,0.5289482141579194,0.2614950298272317,0.2336705904480039,0.2302254968131673
diminuer le volume,0.419428647112904,0.5243370224363003,0.24965119041555237,0.22400340648563652,0.21633007880954236
diminuer le volume,0.4189162187076092,0.5296042047128138,0.25080169147740516,0.2262180337860727,0.2183167862000095
diminuer le volume,0.3994142636297627,0.5340310887721843,0.282521384328818,0.25197870073025264,0.24312526995266415
diminuer le volume,0.38738783490814915,0.5334635037105089,0.26713267897683557,0.2463381268404484,0.23331057311174117
diminuer le volume,0.38125950468819525,0.53264173012558,0.26902686367713724,0.24105158675152136,0.21213119577509712
diminuer le volume,0.37936965782822635,0.5375852809301254,0.2722562256965826,0.23267806971235067,0.19939906278605174
diminuer le volume,0.3915794882323961,0.5803157715352728,0.30421954619864355,0.25850929927028427,0.22071903322649253
diminuer le volume,0.43667141245055713,0.5964487577990711,0.2403425759700492,0.22475210588232494,0.20570385056530924
diminuer le volume,0.42506312999794615,0.6142151874714463,0.24683966589277198,0.2313585632412406,0.2156368755964757
diminuer le volume,0.4271429425056906,0.6386162721396794,0.3960911131188815,0.2399507255543,0.22160568424227867
diminuer le volume,0.4287151511684989,0.6272520143344339,0.44673036767294816,0.2293727959570838,0.22711232095533024
diminuer le volume,0.3142370803687531,0.4198171025463147,0.31235961962832165,0.19974594967929177,0.2229069227362277
diminuer le volume,0.3412667811143365,0.4352838496177672,0.2424760297491058,0.1909728133317368,0.16641928161108127
diminuer le volume,0.35916808102051145,0.47799499630178804,0.24221269874157844,0.18279147401285673,0.1766533505586971
diminuer le volume,0.3722618856742496,0.48735345900809574,0.2361509876606058,0.19394633649025794,0.20643164048628682
diminuer le volume,0.39652639599569045,0.45444746404088765,0.313479941500991,0.22337517734407497,0.22714910258791832
diminuer le volume,0.37546636559678426,0.4950473154242694,0.23641545224074312,0.19299831728953645,0.1884232007510478
diminuer le volume,0.3712354373334381,0.4949218539705854,0.23872641710228656,0.20120113797086336,0.1926782270425651
diminuer le volume,0.3745790217423241,0.5153305303525885,0.25170870601384615,0.20645092068991705,0.20707178553440722
diminuer le volume,0.3824039540469351,0.5406184228914251,0.2668037125622871,0.21516678700783468,0.2006436822566071
diminuer le volume,0.39266056761638995,0.5556599947082793,0.26599829645359807,0.2233114350568577,0.20154400636577077
diminuer le volume,0.3960931636146118,0.5680999135269025,0.2758674964585476,0.227763143314791,0.20246744108054818
diminuer le volume,0.40801900556110593,0.5785651892727843,0.27462536449831815,0.23489653911294014,0.20729603136347896
diminuer le volume,0.41482002791839534,0.5788039193444582,0.28157063217457123,0.23045755438077326,0.22217079093209152
diminuer le volume,0.42925306919180817,0.5776064038010852,0.2729249063573266,0.23656493087285993,0.22501026060526497
diminuer le volume,0.428622821990038,0.5826291232642681,0.2653967310319421,0.23452983715877582,0.22887443160288476
diminuer le volume,0.4495461074374777,0.6185450562327985,0.2843589172027202,0.24879856185630347,0.23520613227612558
diminuer le volume,0.4611937489006892,0.6301198733003421,0.28210355886383276,0.24686707220062915,0.2424815092947468
diminuer le volume,0.4614708477777523,0.6326991282823132,0.280784246494799,0.2489641192560901,0.2347621127430803
diminuer le volume,0.4475417368561099,0.6166593417568662,0.26952608169479475,0.23518538249383175,0.22461290748566945
diminuer le volume,0.4497523925425955,0.6192216681867547,0.27344658389568577,0.23984394345971827,0.2286055080601207
diminuer le volume,0.46362075177408124,0.6262510729412996,0.26781763340634684,0.23437671143243552,0.23445087265922207
diminuer le volume,0.46668240945729816,0.6448461854745361,0.2977570192568018,0.25998810981694626,0.24290670608175904
diminuer le volume,0.49812877199242234,0.649237308111146,0.3120689189480188,0.2724304705966109,0.2528567605038801
diminuer le volume,0.49809117214581455,0.640045077287578,0.3084409070842657,0.26379041684832194,0.23624116464615216
diminuer le volume,0.5023710102578346,0.6352058512246779,0.37594037291578525,0.3338271456374384,0.2529051278001815
diminuer le volume,0.5253000626404141,0.684349892838372,0.354887485881408,0.30060548665628734,0.27718920465828495
diminuer le volume,0.5359463466200879,0.6996438826813983,0.37130582061102213,0.3190759314695657,0.3012141583124874
diminuer le volume,0.5407659600273259,0.6994176617178681,0.35942089635664604,0.31787618430642917,0.29891329225287916
diminuer le volume,0.5294553309112072,0.6860643970413381,0.35850519640508566,0.31506010994949807,0.3006373118562686
diminuer le volume,0.4544118854500677,0.6253346483054951,0.322978425788205,0.28157189433565505,0.23505035578454456
diminuer le volume,0.4741059631721553,0.6595420456754834,0.3321416236030837,0.2963186826048328,0.2600319692736132
diminuer le volume,0.48743173394975464,0.6717032099564525,0.31615029811439,0.28838826465697714,0.2605442741164639
diminuer le volume,0.47035067930455465,0.645877247923351,0.317766952719012,0.279984903190341,0.24647900533736106
diminuer le volume,0.4800592856614459,0.638599232061174,0.3235588702098492,0.278505667258186,0.23912432412161208
diminuer le volume,0.4742239701017668,0.6494516004174505,0.3301873794404622,0.2865077343370672,0.2488422284265986
diminuer le volume,0.4689205245559717,0.6434905551902581,0.3090550918585805,0.2695598216231186,0.23808232469118226
diminuer le volume,0.45636982255543046,0.5850584731921424,0.2780859731604417,0.24988501032061664,0.23103347759616813
diminuer le volume,0.46999578334454084,0.5913898476105434,0.30445892187575735,0.2571348921313411,0.2335882307181248
diminuer le volume,0.4308259808156647,0.6172268982599147,0.3730628815134272,0.30423572607805527,0.27109424333810345
diminuer le volume,0.45584190863467583,0.6043365898502633,0.3248943433649402,0.2875426947901902,0.2503831514895388
diminuer le volume,0.4523414447654649,0.5219844022378572,0.3442427087024685,0.2560626063630144,0.24500264320305212
diminuer le volume,0.4512305612120009,0.6205256269076029,0.34913746394949685,0.2707984313091043,0.2773358121057384
diminuer le volume,0.43800378513156346,0.516378325477379,0.5132780599107232,0.3331932080018948,0.35314877160815267
diminuer le volume,0.4473681222171532,0.5988977642658868,0.37940356446106027,0.2804514257210918,0.3490230934849377
diminuer le volume,0.4381835547527206,0.6024262130483893,0.34960133066652127,0.2810724698177365,0.32710264625174545
diminuer le volume,0.4728536613094958,0.629357408138215,0.3183192334587796,0.2562552859864687,0.21479672543890216
diminuer le volume,0.49453439553266815,0.5822587930657611,0.3511630999847775,0.2879119391806975,0.2419264358580543
diminuer le volume,0.44834461738362796,0.6194962656338795,0.32888294224780146,0.24656882401266939,0.21612148478804466
diminuer le volume,0.4522608873307412,0.6191738247164843,0.3108786559059877,0.24347093990147164,0.2123410417928625
diminuer le volume,0.4523332890438898,0.636686576180155,0.31062258369297946,0.24996485410392769,0.2201729412955646
diminuer le volume,0.46612884613406,0.6462598231053369,0.3067800113878428,0.24987816013065778,0.2219817012073812
diminuer le volume,0.4696363678432091,0.6582665630850366,0.30460606881261076,0.2549964618433369,0.22845369618630196
diminuer le volume,0.47219306470174005,0.6645263712919278,0.31650734714008905,0.25912947933843355,0.23195972175655188
diminuer le volume,0.49123008827742876,0.6858019286564265,0.3609466119870009,0.25855315724914674,0.23046749413541173
diminuer le volume,0.5099215545070319,0.7057261113965609,0.3452955600220209,0.2610821477945916,0.22999711926522223
diminuer le volume,0.4991431975007464,0.6775762734883863,0.31932658899441824,0.2634543139638563,0.24387494940740334
diminuer le volume,0.49028071592070754,0.6747357940115888,0.3187584177899469,0.2565192892944711,0.2307310984239299
diminuer le volume,0.4811251280640306,0.6513879851599438,0.3082200330130494,0.2569100537109047,0.23721636375817792
diminuer le volume,0.4747893044144088,0.6357905819208044,0.2972556566004139,0.25082296459795256,0.24465236151461908
diminuer le volume,0.4638710797475353,0.6229839539266343,0.2853848011997015,0.24412247781925261,0.2396514981868034
diminuer le volume,0.469095184499941,0.6131252600961806,0.2887651541947411,0.24509332162633873,0.234281029748559
diminuer le volume,0.43234860298115096,0.5803163411037944,0.27095659250093357,0.23412845621402312,0.2196427075593252
diminuer le volume,0.44666717099102154,0.5863818532059923,0.2759162749352637,0.24574961822247393,0.22848932859017293
diminuer le volume,0.44908010871048315,0.5744183164047558,0.29519390857867295,0.25218010555943765,0.2443153714037841
diminuer le volume,0.45000212217386604,0.5754916736438886,0.29047538865154815,0.24399851985547782,0.2345889987374307
diminuer le volume,0.4492493614066051,0.5741656350992712,0.2931295332567726,0.24299945271709864,0.2392639947020232
diminuer le volume,0.4546878008895254,0.5835632510468142,0.2922988282146629,0.2460875411832297,0.23668164701059002
diminuer le volume,0.46288178079215614,0.5806751118570413,0.29083781237774275,0.2441639925588651,0.24073293435706938
diminuer le volume,0.4377691650488836,0.5713751825227931,0.2736019224627945,0.23661923002242116,0.22969607241271792
diminuer le volume,0.42997242313023576,0.5733306315773664,0.2707115042956917,0.23667190159674187,0.2308640471201656
diminuer le volume,0.4772320117369888,0.6017223270249237,0.30361755865805246,0.25452973943246576,0.2420727616885072
diminuer le volume,0.46775166287173814,0.6041731543234371,0.3005975921797812,0.24946810538988884,0.24119845116158986
diminuer le volume,0.45699147794488576,0.6048066809921359,0.29028782647095497,0.24186020233715005,0.23279466685320618
diminuer le volume,0.44752623055528745,0.6075625405095197,0.29155872052844783,0.24493399932628707,0.23483796110629687
diminuer le volume,0.4583470923420262,0.6145974456003473,0.308035575625277,0.2444584375519782,0.2373486501155681
diminuer le volume,0.4538177523674049,0.6202444205902875,0.28515362908917596,0.24363987264946554,0.23642526602305894
diminuer le volume,0.44972831264895774,0.6213036257353551,0.27694133178390545,0.23733730760713187,0.229892199610809
diminuer le volume,0.4479854606248499,0.6134973316736207,0.2933672562248461,0.24740694128906623,0.24602839155602194
diminuer le volume,0.4352072939237883,0.6026355867765101,0.2854152769145453,0.2563846525554788,0.30242338798719376
diminuer le volume,0.4419339740616241,0.6020980597241555,0.2912961213351336,0.2595480350130587,0.3022445523239463
diminuer le volume,0.4276838826812442,0.5947521856607285,0.27924415737807307,0.2598297024390299,0.3207164376496497
diminuer le volume,0.3873807672049711,0.5407881084460183,0.2601273920768607,0.2248489027245914,0.20741007588513197
diminuer le volume,0.3817039261715622,0.5296934136792596,0.2375305082790005,0.21382307281788407,0.2020914340398523
diminuer le volume,0.3751260622055482,0.5131023929593248,0.2359154773713828,0.2126868461018548,0.19834266222427452
diminuer le volume,0.3510504198659233,0.4811525268586683,0.2302527420155351,0.20417122578656224,0.19661592979758793
diminuer le volume,0.342054909085709,0.4713233073487998,0.2217478245300642,0.19910455741003932,0.18766788209499935
diminuer le volume,0.33388063716273847,0.46494715390191665,0.21969080529500182,0.1961573365164818,0.1894318765738481
diminuer le volume,0.32901776526620813,0.45779926102114593,0.2226480963699708,0.1917891270922323,0.17691440918222037
diminuer le volume,0.32443307141510697,0.44309028445725657,0.2123533395727294,0.1815073533119913,0.16941260734873487
diminuer le volume,0.32249111899976873,0.44252169824123655,0.21559263824498737,0.18562638475465051,0.17134505199822148
diminuer le volume,0.3248346775892714,0.4419521514511064,0.21781909689376652,0.1881641490429364,0.17402124329666263
diminuer le volume,0.32197512144610546,0.4404168914752307,0.21855675857651286,0.18527623194999407,0.175277904927103
diminuer le volume,0.3110770454611424,0.42949567183946663,0.22667029153799131,0.18125842443534332,0.17203069016055117
diminuer le volume,0.3146625090062325,0.4271880724685343,0.2270323094921269,0.1893909594153462,0.1836942434230844
diminuer le volume,0.3174391865721017,0.43594094021158003,0.22279413296286935,0.18536839367891322,0.17428928761561924
diminuer le volume,0.3566396824653366,0.5166754201081467,0.2618523168698821,0.22655408770258914,0.21730120865754665
diminuer le volume,0.35889623766490925,0.5076366054580759,0.28300159426022825,0.22510948301508737,0.22509377500606131
diminuer le volume,0.3501556647439887,0.49398820327679954,0.25204417116957817,0.21158977136816925,0.19678389893681733
diminuer le volume,0.2734460180970586,0.3664795926459105,0.365358851455689,0.34694564756853613,0.3244465107397729
diminuer le volume,0.20327621022990439,0.2626693816738181,0.12018406833568872,0.07297927749728672,0.04037330016477349
diminuer le volume,0.2033349800884825,0.31398229825771995,0.13099979761227717,0.08256538271128053,0.035172283294171026
diminuer le volume,0.22914739344678292,0.3235648689807382,0.13918222309927292,0.0904487119827376,0.048523537305864
diminuer le volume,0.2597957875087508,0.3602480936147968,0.1793537742303692,0.10260528443945845,0.06522771091092304
diminuer le volume,0.28059929151856705,0.3776904162803233,0.1709903648392227,0.11158224803963607,0.061154547050442105
diminuer le volume,0.2824538364758254,0.3775687646608807,0.17489345092959224,0.12103798965556721,0.08325497016252889
diminuer le volume,0.3002355281153637,0.3859182606523604,0.19411822527111988,0.13675834516899732,0.1012052900270289
diminuer le volume,0.3201444649481815,0.4196013396158482,0.20089580708717758,0.15765372735749048,0.12768785736123056
diminuer le volume,0.3670661542739922,0.5092873278768545,0.308720456378985,0.21339791330788427,0.17563587310986897
diminuer le volume,0.39867563212224166,0.5109319788907697,0.24128734278025554,0.19363706627826502,0.16834846120529634
diminuer le volume,0.3882184312690011,0.5061092168045237,0.2839814340654817,0.19669848039471416,0.1697628218771815
diminuer le volume,0.4011052412391192,0.4899936688832014,0.2457339721624164,0.194664906875843,0.1725026841594078
diminuer le volume,0.38785266799562973,0.4875859492098532,0.23810474250599986,0.1869603295719246,0.16698095440698565
diminuer le volume,0.40519414256069364,0.5156352060208462,0.2557765235396951,0.2010144643139046,0.17845973996708517
diminuer le volume,0.4025837713628735,0.512875961160504,0.24594533138314953,0.20621362795035783,0.18869830094432138
diminuer le volume,0.3890327264793913,0.5001483586834499,0.23615816240299142,0.18857228271479656,0.16856609244339174
diminuer le volume,0.3697781614350537,0.4143521632225543,0.23570510678476905,0.17883116793794604,0.15645412485647217
diminuer le volume,0.3517913588593103,0.42931315390747027,0.21124729198117534,0.15515025111412895,0.13620336560729324
diminuer le volume,0.4274089739414258,0.5673828334788333,0.2705379419385792,0.19093836711341403,0.15234808301366187
diminuer le volume,0.3404687166403506,0.4274918043762367,0.4200497003710425,0.22633873388379527,0.18981464426541797
diminuer le volume,0.39391976813138896,0.5419078786455304,0.38217630794330887,0.20569239803231912,0.17090191469512936
diminuer le volume,0.4146476268579135,0.5653341214284285,0.27212586754055185,0.2016238215415306,0.16925682039513607
diminuer le volume,0.4329981712987686,0.570051693667395,0.2977883264815485,0.2113914576854983,0.17066203286963005
diminuer le volume,0.4000944848668777,0.5170053217436503,0.24405730864469888,0.18278453034682346,0.1395359025913301
diminuer le volume,0.38527122434860145,0.5133519320962467,0.2586856365362771,0.19404619392396955,0.1426675655841764
diminuer le volume,0.37935514396756925,0.5100742663673932,0.2789839472499974,0.19597018845945102,0.1450501249273534
diminuer le volume,0.42525444124051803,0.5099944846397675,0.25286411369748846,0.18456003019109352,0.14716577163757424
diminuer le volume,0.3890681088829669,0.43227722942725,0.2208776240272258,0.18047162312319825,0.1532745065419355
diminuer le volume,0.3558499837012019,0.2745131525398917,0.19834544808645707,0.1561081414058551,0.13782184329900382
diminuer le volume,0.34670616829247997,0.3309429740500626,0.1664726366377852,0.13235536963289263,0.11637483089991386
diminuer le volume,0.319692429241908,0.3279595416929786,0.16376622909922903,0.13197396711448345,0.11282452479679314
diminuer le volume,0.3008825405399403,0.3087324952521862,0.15090438593655203,0.1235465920616791,0.10107304285427887
diminuer le volume,0.3142604646063612,0.30744402065065124,0.16470208095447317,0.1379248979726541,0.11601414915282314
diminuer le volume,0.23411475725493175,0.24892678191663128,0.1210335425303204,0.11802176190943017,0.11404153570896472
diminuer le volume,0.1876986024128628,0.22540238576999796,0.10349588073262694,0.08063429342568726,0.08370039418332798
diminuer le volume,0.2321997018957432,0.26474959589192004,0.14470060082041497,0.13002235378153346,0.1271287295684508
diminuer le volume,0.2042363688802418,0.216813921388276,0.17057036282886204,0.14109647811626402,0.13993291212631392
diminuer le volume,0.17433030476454767,0.18996951970833162,0.08817944018346431,0.08047680963276876,0.08399297708105254
diminuer le volume,0.21076214635869667,0.21611192048854955,0.11997592043827014,0.10833675377133373,0.10942496700933567
diminuer le volume,0.20021641660837833,0.19462342671194982,0.12063695083780411,0.10894983039382893,0.11286494600926644
diminuer le volume,0.15034522326969452,0.15514465837818017,0.06006638473620349,0.052852528476054574,0.06725415081449018
diminuer le volume,0.18739286901159594,0.1922511698211864,0.08775529811970441,0.07770262300566352,0.08601386326522886
diminuer le volume,0.1960854165237038,0.19918414939220408,0.14655967026024533,0.14183797806070572,0.14260580937127332
diminuer le volume,0.15811861172958017,0.16177645257703793,0.10768231425519356,0.09663232322848965,0.10090303643520114
diminuer le volume,0.16011657491476788,0.18051779394601278,0.1265201886556424,0.10893594044871172,0.11563823803908523
diminuer le volume,0.12555035671055315,0.13481044069480785,0.07308744769360674,0.04177647737943916,0.050042205521363514
diminuer le volume,0.15876349694882938,0.1782436986933697,0.09600274518285216,0.08621987571737064,0.0950925572675682
diminuer le volume,0.1807977612893159,0.21700781310878256,0.09252720493191878,0.0912879638526173,0.09276239359487312
diminuer le volume,0.225308662636445,0.2613349396262591,0.1485651900852245,0.13794960018145194,0.1345546824342458
diminuer le volume,0.24436021149244327,0.26030052501418965,0.14414582262194914,0.13602628718043613,0.14009626289215932
diminuer le volume,0.13920418952715746,0.16009685845560276,0.05913428745829118,0.034854634734484156,0.04642065084281604
diminuer le volume,0.17473171492045042,0.18335700495115315,0.07868280241565927,0.05387021779885112,0.06763452998939826
diminuer le volume,0.18915444388551414,0.2020872165194187,0.09509463956195399,0.08232324069143371,0.08662862970260843
diminuer le volume,0.2014644529399183,0.2119361573863263,0.12795084666925433,0.11234437508374437,0.1207141748887803
diminuer le volume,0.22472669643266077,0.22107009649699286,0.11104430047560931,0.10166086978957463,0.1031209265521253
diminuer le volume,0.19483694637015156,0.19658703763509625,0.09848265601889503,0.0893830698593647,0.09294082827287069
diminuer le volume,0.19879328218784034,0.18601427078837654,0.10399355715752605,0.0902257892684712,0.11132376091713439
diminuer le volume,0.13732959252571844,0.1334119501354862,0.11781103521924789,0.09570600234077171,0.09430106083948964
diminuer le volume,0.21659993328110058,0.2215319136000046,0.1144660333749645,0.11174582519214012,0.11909352415721638
diminuer le volume,0.0813578814548227,0.08686056053011615,0.07946685802871617,0.06047849596313547,0.03766379255395591
diminuer le volume,0.22080802627817722,0.22004618072930845,0.11513309968725774,0.10898687442423781,0.11128260279318088
diminuer le volume,0.10082972236369855,0.09634879207131206,0.09211775347641249,0.08442985477845015,0.07366172144844255
diminuer le volume,0.13107676124719408,0.09308275665948558,0.07999893225396168,0.07398938570384454,0.08071107485653288
diminuer le volume,0.14763213927607335,0.16167442643196336,0.08373848296186079,0.06495271939986869,0.07698808190627988
diminuer le volume,0.20845418349071618,0.23138789874325866,0.1322706444134193,0.12475208401327396,0.13258704325833054
diminuer le volume,0.09473736499753234,0.1293109250469907,0.10319088680679862,0.074140359929836,0.06181276923109302
diminuer le volume,0.16073986776315433,0.19168838819275713,0.19237045433782166,0.16856212752284613,0.14468509506135066
diminuer le volume,0.20850483817397925,0.2295167004068009,0.2457683214389601,0.24086754332065552,0.2123453992872063
diminuer le volume,0.29120829616542193,0.38223288773191044,0.2270135065992957,0.20188163344059587,0.1934436242191936
diminuer le volume,0.29652873059176954,0.3950300482579297,0.22596241479455895,0.19509419360847202,0.1817184394245427
diminuer le volume,0.2859581070499815,0.41698619024135586,0.21406047394512226,0.18292589678961776,0.1720523392765788
diminuer le volume,0.29519172697042445,0.4189252144538161,0.21982009443496625,0.1871814335241188,0.17507190190500846
diminuer le volume,0.32498416002933467,0.43901761897773856,0.2588364455197634,0.21230355879864132,0.1876729142303805
diminuer le volume,0.33516130371130837,0.4694179939687843,0.24502298297745992,0.20808364680870406,0.19015603990862046
diminuer le volume,0.34604599206347075,0.47845080185329253,0.25360883010539786,0.21658005452204296,0.1979754041431015
diminuer le volume,0.3797100220190818,0.4780783668000195,0.2404707509929187,0.21040871727272864,0.2006864933145288
diminuer le volume,0.374042230218736,0.4760547995860186,0.24017499332889972,0.2109210613945017,0.1966705749097244
diminuer le volume,0.37614567268855365,0.47713976462307933,0.24162951435361762,0.21311471304358656,0.19803961345979443
diminuer le volume,0.34090205913001925,0.4280277138701226,0.3046912259334258,0.27224633548143184,0.2550301106204403
diminuer le volume,0.3914025927828821,0.47308876943361206,0.2467539022749977,0.21543750075737195,0.19859084610293262
diminuer le volume,0.3797776802340867,0.47029483745703576,0.23184396226047363,0.20335523336032524,0.19257125947557432
diminuer le volume,0.3779093099049711,0.4664701806582951,0.23242689138538558,0.2040933957499466,0.19010464995582896
diminuer le volume,0.37931418351300594,0.4653465644855806,0.23219939209447632,0.20394130078730333,0.19043191170997803
diminuer le volume,0.3763243745013043,0.46905706114853046,0.23555150239966002,0.20306353711539382,0.18360718543256557
diminuer le volume,0.38057497288709624,0.47636214847442115,0.23787030698443473,0.20310796790940688,0.183773162561097
diminuer le volume,0.37987576691226876,0.4851026805368956,0.23558297248407334,0.20077971740169226,0.18517221206365425
diminuer le volume,0.39822717131411534,0.5099008606519917,0.25335548290045656,0.21617530984540556,0.19652654545901033
diminuer le volume,0.41948766138804006,0.5266980337850667,0.26693887109778347,0.2317500057434429,0.2145916078785878
diminuer le volume,0.4232169972469607,0.5387040896242743,0.2945941458930677,0.2532529676786377,0.22565645555366182
diminuer le volume,0.39507683647515746,0.5632098766091064,0.3144957462966706,0.2775441380089246,0.24701936036286112
diminuer le volume,0.382660752049727,0.577452689707613,0.3187405994246903,0.2846444903587596,0.26807795038146237
diminuer le volume,0.38285714504014023,0.5836535081259483,0.32247289000309015,0.2890443872947536,0.2718411404845069
diminuer le volume,0.3848748029727774,0.589760722332172,0.3359936028372681,0.30200213713025637,0.2832602150031577
diminuer le volume,0.362639135895569,0.5517032023394426,0.3020452441070118,0.27098577575008975,0.2575107165245162
diminuer le volume,0.3574523385218196,0.5326432370294975,0.2859550621784346,0.2547776337929952,0.23795652139044524
diminuer le volume,0.3389659906538225,0.5148002328040968,0.27643406915504865,0.2450879367860266,0.22699580848218864
diminuer le volume,0.2973086145327397,0.4171692779264129,0.26814401549073125,0.2334781491442717,0.2194513073156478
diminuer le volume,0.3415830299288697,0.4687260157301016,0.2597475167457126,0.22795084247856215,0.21249534032512363
diminuer le volume,0.32159863811624845,0.44461133726032076,0.23899495759485573,0.20397226540848037,0.18529282513604756
diminuer le volume,0.28412191415770865,0.3998557087430778,0.2350726117846251,0.193130719591372,0.1863367601123518
diminuer le volume,0.3175879508114369,0.43176137254180735,0.23313300512614613,0.19803538997737258,0.17278390161227497
diminuer le volume,0.30740853220171893,0.40068762426883675,0.22336000907527293,0.18546722100406143,0.1716415231858631
diminuer le volume,0.2727722459789073,0.3286041078388308,0.22511391528640737,0.17723657277630994,0.1657872519098102
diminuer le volume,0.31016559719180503,0.39317515724007346,0.21607584732965754,0.1819029999398048,0.1709393888718637
diminuer le volume,0.30873573865966764,0.38447288529775486,0.21155378717709644,0.1774522419581412,0.1658921258398114
diminuer le volume,0.30241921583524634,0.3808136129676493,0.2013573196797698,0.17025766934517125,0.1549730832414979
diminuer le volume,0.295550266521759,0.3782494607200087,0.1946863702490321,0.16295367476520878,0.1476054735115297
diminuer le volume,0.2656241261604669,0.3858756101544701,0.19972469487542685,0.17241830775843578,0.1537764594181047
diminuer le volume,0.25940365896224227,0.3941007476226273,0.2021867715851909,0.1763594481580101,0.1629744640361681
diminuer le volume,0.2598532207100006,0.3946275864867874,0.20350595636099025,0.17576976103266917,0.16272762009751388
diminuer le volume,0.29761735642792786,0.4039019580213752,0.22252491001730254,0.20107818119155185,0.18477829108777247
diminuer le volume,0.2905392707623552,0.4072140430067167,0.21532103028303287,0.19236457699108703,0.17879838026117592
diminuer le volume,0.28899544832414115,0.4106058263268183,0.21346486069537662,0.19218596687388736,0.17967737434619405
diminuer le volume,0.30465707844303475,0.42464904464140807,0.22789577298009142,0.20430380401759543,0.18871060954878113
diminuer le volume,0.31446986744156225,0.428322398930451,0.23270976558269768,0.21287414404045307,0.19518347392138938
diminuer le volume,0.3152480738132459,0.43382853761091156,0.2328608894417765,0.21296416045920077,0.19790541881103693
diminuer le volume,0.3250870071259517,0.4471531521281936,0.24353293895822256,0.217961554304098,0.2073267709895622
diminuer le volume,0.3325638204806487,0.45066684759554565,0.24637564802202835,0.2206856460282882,0.20200873728447175
diminuer le volume,0.33652760675853505,0.45210560880031314,0.26268472124594017,0.23570582944740925,0.22151945773704945
diminuer le volume,0.3384985462864,0.4607835162284355,0.25468811124248086,0.2247595282928573,0.21029464009382542
diminuer le volume,0.3258447980349053,0.4979266713086018,0.25898084347971256,0.22806693167653905,0.21094275230884396
diminuer le volume,0.36845860598220076,0.5111200269241393,0.27082021287020047,0.23548840267987103,0.22003565221306878
diminuer le volume,0.40940271505891035,0.5211180128438027,0.2665220645183841,0.22898220030477626,0.21546458571015395
diminuer le volume,0.4138494272551707,0.5443905672426076,0.2820787485895793,0.224229073878695,0.20064482896760127
diminuer le volume,0.4276643135008194,0.5332006029029819,0.3202523399751509,0.2616655592232341,0.21948019272164654
diminuer le volume,0.45869285982499325,0.5820044383494787,0.27466747241489065,0.23987587198242058,0.21712969400032642
diminuer le volume,0.4494002327735998,0.5970336884134273,0.2917664757846169,0.24994944825818322,0.22514500346789426
diminuer le volume,0.44548542002529223,0.6042488034798953,0.31288092670036455,0.25410189291073587,0.2272939886584656
diminuer le volume,0.46757522390601947,0.636907192827225,0.3047738087643013,0.2606789948258871,0.23240846890512457
diminuer le volume,0.4767562992685801,0.6594284964026019,0.31693695383984205,0.2730541827718399,0.24507626845610897
diminuer le volume,0.4860188668319561,0.6696317818758275,0.31722946999210533,0.2749546983000656,0.24795892280833068
diminuer le volume,0.5269794153428657,0.6988450963510431,0.33286785859003154,0.27771740032359266,0.24295526712942306
diminuer le volume,0.5238993119063676,0.7066356873257051,0.34213537446595244,0.28829506261775684,0.26007121846373654
diminuer le volume,0.532068613051769,0.7183265441658493,0.343574403639172,0.29129385635903626,0.26355324291059345
diminuer le volume,0.5532314977363229,0.7345329490963863,0.37076110544501284,0.31249597524536477,0.28144545341479416
diminuer le volume,0.5418706202830401,0.732899590099448,0.35273081363947323,0.30324795792740655,0.2777216344997007
diminuer le volume,0.5393260785144831,0.7331924551207141,0.3566461178733341,0.3054027228909175,0.2829134506942486
diminuer le volume,0.5431640963639234,0.7367789782926675,0.3968385518562329,0.3305449668314027,0.29565571902131615
diminuer le volume,0.5480018204330918,0.7421524369083593,0.38599656413251304,0.3287933680605927,0.2990125097664085
diminuer le volume,0.5536057016738791,0.7457012994853424,0.3730406445547384,0.3194215182099443,0.2879052428681104
diminuer le volume,0.5597392585884753,0.7397826494289224,0.3635074986578212,0.3116673505440729,0.27446606081591635
diminuer le volume,0.5137933810444735,0.6576918613886796,0.335158754574083,0.25687196615619173,0.2209502747774216
diminuer le volume,0.567841752191597,0.6909602572815392,0.34270181347076384,0.2781791779309577,0.24207220232096163
diminuer le volume,0.5618204173691802,0.7039373302218407,0.3557760527885171,0.27310077127326643,0.2434957310215075
diminuer le volume,0.5320728316172323,0.6957647375973222,0.4681642696756574,0.27749685473369673,0.23555428906014006
diminuer le volume,0.4237787623028797,0.3777933340542324,0.3492801872410153,0.27792339962381163,0.23122857638331548
diminuer le volume,0.47949453167433503,0.4268806662690202,0.3763163340172104,0.30258750506205334,0.2559099589046272
diminuer le volume,0.44113196321539355,0.4029896904186286,0.3639211938459931,0.29172432073133553,0.2497425756262499
diminuer le volume,0.44874568246605134,0.3984642776234332,0.359935361975347,0.2926711983647334,0.2364123960110652
diminuer le volume,0.4463941507694876,0.4005532369995927,0.3645007863034048,0.2980067553247185,0.24232648926361103
diminuer le volume,0.46894839219047457,0.4305908722908259,0.37718667326929217,0.3025218847198179,0.2547956336844214
diminuer le volume,0.47638109700523174,0.6861008256547705,0.36556013082974187,0.2829456443251515,0.24304640816067183
diminuer le volume,0.554067914484064,0.6590763380464103,0.3473171546886478,0.25912749871286433,0.22801246420858565
diminuer le volume,0.49914303502814317,0.5937111142982612,0.32127897267375577,0.2661654692027184,0.24215570256544117
diminuer le volume,0.47430682834691207,0.6336695305754839,0.3167401961070407,0.26363921325211725,0.232628016970693
diminuer le volume,0.4234323928924785,0.5479304007029637,0.3266162319855959,0.27498750297753627,0.23757829976396963
diminuer le volume,0.48884392429367335,0.6168477285766225,0.35091834345892187,0.3078582607892678,0.26715834376918296
diminuer le volume,0.46899359119217554,0.5967474758969225,0.322005567968714,0.29239951982920614,0.26071624525513337
diminuer le volume,0.32765491133882974,0.48194137398785625,0.39397555267451495,0.3574656311457703,0.3114460711622508
diminuer le volume,0.42410566180654635,0.5856089244127575,0.3194009187199809,0.2864231203492224,0.2662631603048098
diminuer le volume,0.40946802737829924,0.5573561024331163,0.3095049087376407,0.2765029903691837,0.262543649194267
diminuer le volume,0.4031886887355144,0.5479582652826539,0.30547756011746763,0.26908972812217435,0.2540329515353743
diminuer le volume,0.391981382754159,0.5343639838244739,0.2936893708349898,0.2617805505630912,0.24524950518964342
diminuer le volume,0.3825450930732154,0.5301552216204817,0.2787198359850615,0.25053300079971447,0.234350640612324
diminuer le volume,0.38326265524828623,0.5231371596389116,0.27926253914680293,0.24789654936051242,0.23137196519200545
diminuer le volume,0.38290940001194884,0.518010662052223,0.2858044173705928,0.2511718584659287,0.23301848613621048
diminuer le volume,0.3750763462673739,0.51392726679713,0.2790782063264711,0.25007977183265767,0.23165838918786205
diminuer le volume,0.36889479498058675,0.512950022209089,0.2787948743206393,0.24854714726971816,0.2291286234575943
diminuer le volume,0.3734934395633742,0.508693964911407,0.2726765887882159,0.24196737531303933,0.223925322043317
diminuer le volume,0.3742790639286102,0.5098502486103228,0.2773410217442939,0.24992254588386537,0.23322386687157448
diminuer le volume,0.37191189243489897,0.5063902994678946,0.2778638615496657,0.2516060890095412,0.23446796362792036
diminuer le volume,0.36878921977567763,0.4944343068654059,0.2762759073370325,0.24620385200469075,0.22901196693306683
diminuer le volume,0.36813192622526814,0.49226407938912087,0.2783965531142828,0.2492544077700721,0.22974797152272633
diminuer le volume,0.36662677688109546,0.4925973453717333,0.2792860388258445,0.24533305171832034,0.22688487775450142
diminuer le volume,0.36222101289057596,0.4889126796016926,0.2663204973135518,0.24205241377030304,0.2265621609456539
diminuer le volume,0.3599501981182942,0.49182737974636964,0.25447520824991765,0.23205412524628388,0.21896435538979647
diminuer le volume,0.35553094245829825,0.4895962931365007,0.25309570925458974,0.22858520670844487,0.21512733443177412
diminuer le volume,0.35967679132102104,0.4938431382267216,0.2541109318351073,0.23081378751753256,0.2171863402351537
diminuer le volume,0.35157197424711906,0.48145892565348936,0.260971336170686,0.23408046358397816,0.2213029620238727
diminuer le volume,0.3536997174097934,0.48003849223408485,0.2622299023274335,0.2402027223434437,0.22754678251923197
diminuer le volume,0.3548802289562546,0.4699766853979413,0.2600301210196526,0.24084620483537914,0.22981460569217343
diminuer le volume,0.35204141202049377,0.463646706308673,0.2623576377333834,0.23425228078681823,0.22191460572027238
diminuer le volume,0.3521188113267877,0.5026019953258,0.26821942146380534,0.23631245425955613,0.21476055392836438
diminuer le volume,0.3436866227562544,0.4816840417140141,0.27498131784810476,0.24099315542866193,0.22179082813955497
diminuer le volume,0.32509469534652413,0.49297341612057555,0.28051231756762157,0.24412218241772093,0.2183534720221481
diminuer le volume,0.31042735266130916,0.4946195198041548,0.2743262400362322,0.238472850906197,0.21266379416692371
diminuer le volume,0.3191402718092192,0.49044462196340377,0.2658008364101376,0.2324944119530463,0.21026969132313822
diminuer le volume,0.3055911663038016,0.4857203863244404,0.2595571111621387,0.22600532798576492,0.20824779621828862
diminuer le volume,0.3133806921142797,0.48043620204269305,0.25469117022774923,0.22072383034809587,0.20239673650541218
diminuer le volume,0.3132409522273978,0.4776152548247007,0.25224936250056823,0.21861732295926925,0.20246390378401555
diminuer le volume,0.31190403242060444,0.477391980401555,0.2582435851195107,0.22365899120066213,0.20493249129661656
diminuer le volume,0.32052460573071956,0.4786390216468166,0.26254394407348713,0.22521875058354532,0.2074943686753285
diminuer le volume,0.3147490768037974,0.4791213025880145,0.25757082786814184,0.22466008129574722,0.2045548137674108
diminuer le volume,0.31876742284539394,0.4833720082611998,0.25756162017458983,0.22356694200068236,0.205040011600569
diminuer le volume,0.31126483976811725,0.48582272216131567,0.2641657625046024,0.22798955570223825,0.2083952669424516
diminuer le volume,0.31795049985903906,0.4917306657054803,0.26612624153769127,0.23087750211425534,0.2120096051641096
diminuer le volume,0.31463399891887184,0.4995003250022097,0.2645619870772448,0.23108693641499142,0.20979454029926822
diminuer le volume,0.3313008077815373,0.5121485774029011,0.28259001104151316,0.24216443962261017,0.21434439234123784
diminuer le volume,0.34076050322065915,0.5211631895910389,0.28402636586443397,0.2432808494724227,0.21688143315888042
diminuer le volume,0.3406612799600251,0.5312568230982648,0.28957909529628756,0.24634463620541444,0.21949583265372108
diminuer le volume,0.3120633462888898,0.5370688675071872,0.2915125809332771,0.25243548671682925,0.22701179477640546
diminuer le volume,0.31893511736614943,0.5379201641316931,0.2901906644222213,0.2505987088745419,0.2257455755468935
diminuer le volume,0.32364161204393077,0.5393734609220467,0.2890606091799227,0.2527337763767917,0.2267625225070268
diminuer le volume,0.31559719589303464,0.5363737487431225,0.2881725404786732,0.2503094578170233,0.22336449820524526
diminuer le volume,0.3430531718392255,0.5367509313603214,0.2880857302283412,0.24955566023815906,0.22530600608773566
diminuer le volume,0.33816936117463037,0.5395310252605847,0.29391482545375275,0.25507420397029806,0.22890845820903136
diminuer le volume,0.3405082013462298,0.5411541277308551,0.2921270284856689,0.2546911766503579,0.22681858859051762
diminuer le volume,0.33583110118153764,0.5427755461875986,0.29443617873868516,0.25807451116555685,0.23068030105449344
diminuer le volume,0.3330464338683257,0.5456483238317265,0.29825656516901305,0.2605152982770922,0.23253986175794086
diminuer le volume,0.3339309807477771,0.5487837305104674,0.29972743122298584,0.2614620390224389,0.23322010707502858
diminuer le volume,0.3347143061113998,0.5505483595049608,0.2979269006241133,0.25690571181183214,0.2299163539172717
