j'aime,0.4270891492269414,0.23212408593130654,0.16024180907402247,0.11386663434244435,0.09983240047816604
j'aime,0.4967820141731714,0.2858072964831919,0.23037177870998246,0.17445853702310227,0.13204602347256814
j'aime,0.49255012103416906,0.2937429275271538,0.23267690743545705,0.18043267629059725,0.14105900711656938
j'aime,0.4929255801454021,0.30065659308945897,0.24342526069209003,0.1920529073405676,0.15012426913082824
j'aime,0.49586384017410434,0.30581384139686324,0.2481532594962435,0.19403989674951036,0.1506580872333026
j'aime,0.49191953027856244,0.3047589451634276,0.24652040026622102,0.19206419295887736,0.15099452216705733
j'aime,0.49024313372311007,0.2906236890731305,0.23695694226621278,0.18807572257234037,0.14965165496545407
j'aime,0.48633048686368224,0.28955662908934005,0.2350116468652266,0.18536764193361754,0.1450743010280823
j'aime,0.4845455952458274,0.2892491658530307,0.23451535670576196,0.18453033990321863,0.1442401946253139
j'aime,0.48057492747682995,0.2876321326876876,0.22931834806011003,0.1799704932395618,0.13949783728023119
j'aime,0.48187155929841047,0.28676052565962895,0.22852195405831785,0.17878553935737634,0.1376853320422835
j'aime,0.4793676055885138,0.284132897907425,0.2279043573973051,0.1806527992672048,0.1426582413324361
j'aime,0.47965529204433804,0.2796003073271852,0.2257035305086258,0.17815918029144875,0.13990916714029505
j'aime,0.4754851331539082,0.27845255812420006,0.22334403552117751,0.1751408837280745,0.1357303626131349
j'aime,0.4698872763628409,0.2753821434468396,0.21928694113774141,0.17434506182295104,0.1401696355247422
j'aime,0.4686416773050739,0.2706179336965089,0.21624014642200043,0.17216961300847433,0.13794638343486387
j'aime,0.463622921978686,0.2652165190099829,0.2154978833283226,0.17180678928460377,0.14109982054936818
j'aime,0.45717769381352036,0.26196171215604247,0.21279901637454318,0.17126242918084167,0.1445351816301396
j'aime,0.45449931044604114,0.2582045868045769,0.2075528737573092,0.16709584203994401,0.14189440199169293
j'aime,0.4491569924356054,0.2541001005036261,0.206306412375136,0.16800937709467087,0.14627329271307843
j'aime,0.44713968688893374,0.25250006729835145,0.2046387921724305,0.16581355757691996,0.14496363147399519
j'aime,0.43777363273127384,0.25097819334477284,0.20209709384678873,0.16547802138484025,0.14585880447618524
j'aime,0.4332123615545832,0.24320498267598917,0.19552102848031916,0.1590051077750404,0.14387085975587027
j'aime,0.4290384128690552,0.23995297892387257,0.19294854812134365,0.15599863672195793,0.14015280396482566
j'aime,0.42464034859707556,0.2375936763882322,0.18944577749321195,0.15320427936666198,0.1383954750561142
j'aime,0.4231000881432876,0.2375857166961883,0.19058423802811933,0.15456530308466215,0.13908520075727243
j'aime,0.419147536892213,0.24029385850740748,0.19582583527658765,0.15825506054577615,0.1386699679793278
j'aime,0.41779276841493285,0.23933513149582955,0.19525518880550305,0.1579414203106507,0.14048907977255973
j'aime,0.4190633001769164,0.24029409864534712,0.19548630008485546,0.15648570890077937,0.13977393920914158
j'aime,0.4178395533641817,0.23982143337986117,0.19455612033996486,0.15725311735602376,0.1394040251469623
j'aime,0.4171145474592564,0.241248426290513,0.1952432964653778,0.1567054191615797,0.13857921661582187
j'aime,0.41794699970894433,0.24165968201705787,0.19514907126889627,0.1578500291180059,0.13803189577804553
j'aime,0.4162018380650306,0.24207871709640677,0.195205232835991,0.15869564094940478,0.13901116637402067
j'aime,0.4107835065676909,0.24492437786903218,0.20135119459949163,0.16381270578058893,0.1420475079813514
j'aime,0.4106763888858928,0.24086452719328671,0.19870403759663519,0.16383704452306616,0.14253950640619253
j'aime,0.41193702806126625,0.2422239158778584,0.20053902758738507,0.16561568487885067,0.14295460658681522
j'aime,0.40971598307983453,0.24188480035217388,0.19961953701640323,0.1646624439778461,0.14293850368209152
j'aime,0.40566424203752066,0.24085206371868684,0.19920618786228414,0.16469621268450668,0.1440832305404972
j'aime,0.4039499531777188,0.2387118263724192,0.1969648165885335,0.16255849035089287,0.1412637950545586
j'aime,0.4003056484421033,0.23632238412313583,0.19581146980904188,0.16122243671357198,0.14146717944073603
j'aime,0.3888672408553731,0.23187095549252254,0.19409784886138526,0.16119170019532908,0.14242137389298973
j'aime,0.3845629843859643,0.2281695906526277,0.19136983773586455,0.15808354820254814,0.13986003147707401
j'aime,0.38132661299350235,0.22690063585655187,0.18955913326190932,0.15641428010255892,0.13794258143928773
j'aime,0.3772837251768762,0.22565860265784898,0.1897189195650768,0.15700509896092352,0.1394260381493544
j'aime,0.3739225649574426,0.22499950874094768,0.18878353349987992,0.15587629213672255,0.1389073550059092
j'aime,0.36913128869749584,0.22280410752939397,0.18788637020818338,0.15436249198362523,0.13945463618301537
j'aime,0.36619129794400546,0.22323117176414115,0.1872879146420655,0.1542480170619901,0.13918636272818852
j'aime,0.36411270263200163,0.2215221613819842,0.18578891639310732,0.15271642992863713,0.1377320514241857
j'aime,0.3516831178727954,0.21359124174403413,0.17886597412776042,0.14945136734037548,0.13741921945039362
j'aime,0.3435250899908552,0.21118713021805424,0.17788650814870935,0.146231293007895,0.13286919280993073
j'aime,0.3407330895935438,0.20898121984433213,0.17692629538909316,0.14517187834671483,0.13278502679663473
j'aime,0.3385449581068825,0.20631781510082103,0.17549890088810088,0.1451856769229466,0.1333117997706195
j'aime,0.3373312186502115,0.20674575902345868,0.17561773471601924,0.1459474976801012,0.13358991814185214
j'aime,0.33933206189550946,0.20771049225245009,0.17650989025683136,0.14690568277245286,0.13437577465730735
j'aime,0.33927749563813586,0.207200596344017,0.1759062553253594,0.14609178980288384,0.13317488912460065
j'aime,0.34488425026705943,0.21075665992998635,0.17785181587328375,0.14554060458642779,0.1299819473536857
j'aime,0.34701200273552274,0.21291215147971967,0.17880502246107538,0.14521133287579718,0.12876425209838105
j'aime,0.3540283488381355,0.21640343640200183,0.1806935583749903,0.1455872187195718,0.12742810215993108
j'aime,0.35250956729257094,0.2180882584818678,0.18090926389341508,0.14687952998409762,0.13132891706794594
j'aime,0.35619887936079264,0.2229446768194337,0.18335275045469127,0.14639752770878964,0.12425836808693035
j'aime,0.36831460948122535,0.22925822910692334,0.18641677829992181,0.14770982348242298,0.12167904087165546
j'aime,0.3825210679993442,0.23559127979356856,0.19318370754856148,0.1520143716774735,0.12187134527101276
j'aime,0.389404659803725,0.2406289252649485,0.19523579945658148,0.15180007198641313,0.11849933395879826
j'aime,0.4100070552247945,0.24576949611264332,0.19290061801777594,0.14076164358851992,0.10177259709438997
j'aime,0.4151293119872283,0.23781628661357415,0.18523163023788003,0.13692397890724967,0.10164376677799963
j'aime,0.41283402863290586,0.23403542958689597,0.17829628184462382,0.13215109381698867,0.10287603636994423
j'aime,0.41426408370612317,0.23436531533528898,0.17629724197205843,0.13134081852793875,0.10178961804607939
j'aime,0.41483623172251605,0.22505890355953875,0.16873656634257508,0.12288721018361264,0.09700636087912679
j'aime,0.41239719394108737,0.22617633587808708,0.1693934001466078,0.12632576901626028,0.10460433061772696
j'aime,0.4161308028042404,0.2217799426068026,0.16557577772290588,0.12017444362173739,0.09305978051066834
j'aime,0.42257889224252726,0.21375919338172128,0.1583490665304945,0.11373590138533232,0.0868883740565682
j'aime,0.4281502647230979,0.21367062021187228,0.15960453489978818,0.11204669460823256,0.0868982401122832
j'aime,0.42960852801487326,0.2099269303773714,0.15273840890620438,0.10357756943055983,0.07893925406914258
j'aime,0.43096363699784485,0.21057339384655016,0.1543720468942543,0.10306785424030887,0.07808145382461743
j'aime,0.4429480325045027,0.22230589136611761,0.16927460741511108,0.12208503152141655,0.08801481401388603
j'aime,0.43563621531479685,0.2134860547929009,0.15913996600081728,0.11267545403442114,0.08669252865778761
j'aime,0.43871205940194824,0.21990042956902195,0.1671554425673353,0.12585643310454858,0.0975271259194739
j'aime,0.42619988219989496,0.21271387059241267,0.1524136803687768,0.11436350793990555,0.09405423738301455
j'aime,0.42940898676694983,0.21156148440669237,0.16330262977192683,0.12595371871985728,0.10248886614826844
j'aime,0.4334810386486899,0.21624218340534385,0.16666998371591812,0.13296536508269954,0.11735094966916934
j'aime,0.4273617060285374,0.21605353563678353,0.16532356980092888,0.13548867053236865,0.12228149793038043
j'aime,0.422415172932111,0.21267607653354142,0.16089320694185855,0.12901230427168392,0.11889104554313387
j'aime,0.4239129866755138,0.21439369769483638,0.16377835367236104,0.13387109549524856,0.12230091692292912
j'aime,0.4244733919899928,0.2146293558685347,0.162492033159549,0.13053856899324934,0.11889870942801511
j'aime,0.42707761742765094,0.21597262959571947,0.16360341839592443,0.13244728564574298,0.12237348837219487
j'aime,0.42022292366423,0.21669123866124343,0.16586266186872084,0.13421996953149282,0.12530465151861167
j'aime,0.42327014034336913,0.21841835800056375,0.1652442500757283,0.12837495697862672,0.11118499611371785
j'aime,0.429065460027974,0.23819126638906624,0.1829514111225682,0.1439116148468349,0.1170877617090334
j'aime,0.424958199845824,0.24109370364040672,0.18881416897262474,0.14620101214759731,0.12073851059788566
j'aime,0.4143268246824959,0.2368673810213556,0.18361851255241074,0.14086805529767418,0.11733725878390312
j'aime,0.4140087920463078,0.23715446231750312,0.17503749751598405,0.1267446886544068,0.10398924595814005
j'aime,0.4273413527207915,0.23189983658866622,0.16572031077561625,0.10618766297026183,0.06389372543189421
j'aime,0.4439543874619928,0.23692641418918495,0.17209822973217576,0.11568807096881054,0.07099686096113207
j'aime,0.45220999864809314,0.24352227368361823,0.18250986053197452,0.12347800961098888,0.0714590939327942
j'aime,0.45151231569279376,0.24712785840687443,0.1841781962144446,0.12565416417683167,0.07353618133737622
j'aime,0.4549502542714759,0.249473901422371,0.18221342608848395,0.12038123893903073,0.06898535863909033
j'aime,0.44380704755637973,0.25239665630794594,0.17956891027239708,0.11394088923142606,0.05902200597298044
j'aime,0.43451245939263466,0.23813400183092273,0.16869427301457948,0.1065595120669049,0.05678811506119966
j'aime,0.42558995056433785,0.22504139866179396,0.1608944621169043,0.09578512134896253,0.04325260833671911
j'aime,0.41080842296737957,0.2210637687110987,0.15165207221851434,0.0858914193061507,0.02932671375028608
j'aime,0.4295048559078113,0.23918111214200166,0.16833876787743024,0.10600785883182558,0.053772857914067204
j'aime,0.4210331288847837,0.23148937771548808,0.1594194938876175,0.09820407830930616,0.045807443482142385
j'aime,0.4245702286416328,0.23499310378535915,0.1666358176151494,0.10830805901185239,0.05417668890359052
j'aime,0.4189799090945972,0.22930119129294996,0.1584656109122988,0.0962264400651503,0.044715570931896334
j'aime,0.4264921714036389,0.23901109542014945,0.16946720631869938,0.10908866348366476,0.05490444662484076
j'aime,0.4238195772542441,0.22968141134400752,0.15816418373663088,0.09299410265617335,0.03988634550844874
j'aime,0.4273030526543579,0.23336284293196366,0.1654166486246018,0.1016177157405883,0.04816334411423502
j'aime,0.42966908257742503,0.24410966651283905,0.17579201293284147,0.11314279740981671,0.061247684957538746
j'aime,0.4393921342970332,0.257537251297105,0.18783163050751947,0.12780089911357992,0.07702004533737407
j'aime,0.43972702255797413,0.2612309751019584,0.19890131122957802,0.14150868987425924,0.08952015103957568
j'aime,0.44948003462308195,0.2637871987376854,0.20509081532319873,0.14961059250217476,0.10009760411162766
j'aime,0.45351017466755345,0.26668411019516775,0.2090345332968457,0.15164022637369426,0.09372215324944817
j'aime,0.45460364939795306,0.26650242109139954,0.2176537559507853,0.16123573678502442,0.10941772488164947
j'aime,0.45312935500000606,0.26712248593896143,0.2167213871689491,0.16875050929513724,0.13209547237340985
j'aime,0.42437143002600025,0.24609238972264577,0.20335396876151593,0.1655985500061534,0.14238747378478708
j'aime,0.4111540204287877,0.24220221462993666,0.19746109794439914,0.1627755680582464,0.14001019212676466
j'aime,0.40650854610357096,0.2455350049369836,0.19492200601954857,0.16065138241696195,0.1423993678474237
j'aime,0.4049859911796072,0.23328548314238332,0.186968301980276,0.15486546735923667,0.13756817685736342
j'aime,0.405998821609976,0.23004115683275028,0.18352084188248804,0.15082460276228174,0.13542857325356034
j'aime,0.40205163517060977,0.22931320215880832,0.1870850131975635,0.1560181607058977,0.1429191137256857
j'aime,0.3967085477289978,0.23133169822049499,0.18756215922527872,0.15274501156097373,0.14077753096340756
j'aime,0.40157690168191595,0.23688364164630424,0.19251814095270117,0.1567330656205509,0.14260528193027383
j'aime,0.39870413041311514,0.2359374319386667,0.1930288423872736,0.1583298852927234,0.14633487511296953
j'aime,0.3998595574170827,0.23388449604578998,0.19058666107906777,0.15610583605849437,0.1445265753049741
j'aime,0.39760659064016124,0.23220983163039885,0.18788605826596974,0.1545789423472173,0.14303313133979437
j'aime,0.3946312420275282,0.23069449401044478,0.18723268493463532,0.1540823530999532,0.14251036741943968
j'aime,0.3926533335082489,0.22932807573829156,0.19301684281895345,0.1609780873882014,0.14864464343107087
j'aime,0.39401230666834347,0.2344945310837648,0.1939817084258123,0.1610152625456352,0.14474120030240317
j'aime,0.3910595834574916,0.23318355182264197,0.1931912475654876,0.16043495858013704,0.14646891059328612
j'aime,0.3864239157175819,0.23415472284875405,0.19582511765565144,0.16159675338722035,0.15085663326922064
j'aime,0.38190649347195765,0.23355202928031193,0.1940894282277055,0.16040397746460008,0.14830575988787412
j'aime,0.3850132885866724,0.23608515376285474,0.19748753811004088,0.16155754605671696,0.14764637373351452
j'aime,0.38287945298547194,0.23603958012904525,0.20066410268067464,0.1616724963004602,0.14777509662731664
j'aime,0.3790156181914241,0.23653178044499956,0.2023420984444467,0.16128430507804126,0.14682036974279894
j'aime,0.3849495671938122,0.23609162805765033,0.20077731426731213,0.16049588310240276,0.14413682769121194
j'aime,0.3868921487358914,0.23487963304661427,0.20213265013367285,0.16131024453084208,0.14732243770597264
j'aime,0.3850878550964358,0.23793170105477865,0.1943292048654024,0.15992250499289085,0.15032027175206814
j'aime,0.39061343151012107,0.23703867838560577,0.19428491651154298,0.15967476024556815,0.15365492093790095
j'aime,0.39507315789280284,0.23876993375623856,0.19927936824371,0.16538805682530552,0.15149073772116653
j'aime,0.3986223960777055,0.2362437640623968,0.19265633871239687,0.15614656525562648,0.1382846183395654
j'aime,0.4149165957713989,0.25023391361554265,0.20227205433360232,0.1553203496906638,0.13439488318278986
j'aime,0.42794387922663907,0.24385528793183137,0.19959269121005452,0.1605706416744964,0.13691696974954148
j'aime,0.4390899503879575,0.24646424371194262,0.19581148761713701,0.15476882088984015,0.1270000377262944
j'aime,0.4446363205533914,0.25091053656810525,0.19734272251616589,0.153232133536268,0.1169909754307944
j'aime,0.45160893990970374,0.24873950927872476,0.19199327371025826,0.14640200109991724,0.10975681443459005
j'aime,0.4531511586871054,0.24843510687244652,0.18936418087762955,0.13331400834739549,0.09199580976876283
j'aime,0.4507376014574298,0.24852118873156906,0.189554965014678,0.13161073046341173,0.08412316202563094
j'aime,0.43600921502862633,0.2520267423675629,0.1994412586845042,0.1440788986010571,0.0962008890203475
j'aime,0.42965216482117374,0.24717839671637098,0.20087424187351677,0.14757832933011164,0.10405671437642726
j'aime,0.41530670163642086,0.25400512639221884,0.20626548642156833,0.1577701192380907,0.11461063637055875
j'aime,0.39684414240803695,0.2445400907268867,0.20298046412970439,0.1557442552264258,0.1157518705587953
j'aime,0.3756933375457811,0.23265517620580564,0.19297501464287936,0.14834826096219264,0.11101938862017212
j'aime,0.35864537031286364,0.22274266992524921,0.18487378506475594,0.14329078856548655,0.1099736082262003
j'aime,0.32304753865769104,0.2100704297308602,0.17522527408556596,0.1390709917140865,0.1069599216896119
j'aime,0.30128949270253175,0.19706903571103643,0.16517209837019473,0.1330319284566999,0.10195543651242772
j'aime,0.29211621400981047,0.18895429342141198,0.15915649857934588,0.1283179928350044,0.09819375612709841
j'aime,0.28164672619736725,0.180919443448295,0.1540271702032606,0.12331287586458387,0.09493148857959766
j'aime,0.2722512480412701,0.17610789593361068,0.1506034560529375,0.1213267086425094,0.09479241274836232
j'aime,0.2638902659816483,0.1721672117551506,0.14726217930630056,0.11801890183438216,0.0916658704343111
j'aime,0.2584255755115613,0.16915326514945025,0.14525591160609588,0.11927785152641386,0.09299473403578341
j'aime,0.25635550317110867,0.1654468838091852,0.1435410068673347,0.11724427174300414,0.09115460996157776
j'aime,0.25791243860478597,0.16459194519510467,0.14429735810930894,0.11810823400565354,0.09169180980570997
j'aime,0.2578445545003643,0.16545396621348957,0.14482835478107098,0.11816908201203918,0.09166346903373278
j'aime,0.256252090196486,0.16633505821108802,0.145292586193618,0.11953806103017584,0.0932525357114201
j'aime,0.2580806128342992,0.1681312702755089,0.14555243933893913,0.12005901092151784,0.09479826091706646
j'aime,0.26072485065525963,0.17115393975998125,0.1480132115208736,0.12172144254014389,0.09660835083837978
j'aime,0.26391528746433723,0.17236757393784308,0.14734957448743566,0.12153750000347717,0.09735036123754848
j'aime,0.27296633613259497,0.1798771738142441,0.1553410502096845,0.1283926739061831,0.1100576717763328
j'aime,0.2785968738925432,0.1747719611418034,0.1495292885521766,0.12346930735865683,0.10727772187148898
j'aime,0.2817041674513027,0.1758558724039146,0.1519396733990393,0.125589739050827,0.11291210070815248
j'aime,0.2804070552881993,0.17420777469284313,0.14916826859624127,0.12469232154424231,0.11393511009464738
j'aime,0.28152138238439905,0.17398609558997188,0.14847323063153742,0.1206518231798597,0.11047371220278457
j'aime,0.2836941223559325,0.17605920465454386,0.14849569361699674,0.12102694641898239,0.11047309590381142
j'aime,0.28584797519253574,0.17593751248852874,0.1488364309511623,0.1215804321555589,0.10884558980344179
j'aime,0.29807267577251206,0.18100797742125854,0.1573009894464416,0.13042670892443983,0.11841773801264802
j'aime,0.30314112684863553,0.1868772591238916,0.15801125338941624,0.13224408887446365,0.11950200334563235
j'aime,0.30465643867122955,0.18993208249873922,0.1608240169394698,0.13216075226978036,0.12232266907230929
j'aime,0.3049834772824525,0.20498131619320423,0.16179418321206543,0.13364882399289263,0.12453802139008213
j'aime,0.31016722219814735,0.2234329113420722,0.16179517232087973,0.1340822425177656,0.12537520950386458
j'aime,0.3180048510751122,0.25002954622873885,0.21807763180412382,0.16372148833315978,0.15224603314189852
j'aime,0.32917572522019317,0.21779869311499384,0.19067127982249613,0.16514844589740477,0.15206898277887493
j'aime,0.3248716421683553,0.20814834490710457,0.1778839003815835,0.1511166061778158,0.1438570056398577
j'aime,0.3239076504198048,0.20939888259734732,0.18035706636349805,0.15365443465958087,0.14213478066555627
j'aime,0.3280808008644758,0.21016015112861502,0.18066812873124036,0.15532367169194322,0.14654844307557152
j'aime,0.32797816903030824,0.2098783235163653,0.18015903356563617,0.1543802379303105,0.1465141772121066
j'aime,0.3268949597050676,0.20453230613794013,0.1756344578000131,0.1506167318909508,0.14277522466128614
j'aime,0.32303722463169154,0.20046005631043237,0.1725810781163815,0.14876707837612202,0.1422080216816583
j'aime,0.319421849996592,0.19963167683978367,0.17253616260505236,0.15079134358670307,0.14270081464381754
j'aime,0.31973620739762104,0.20119705722085504,0.17540673757601954,0.1540957878744401,0.14734766550374356
j'aime,0.32001356896443983,0.20317415118148027,0.17632422338060635,0.1527585262217199,0.14226499002706486
j'aime,0.3203654277367571,0.20491928449763677,0.1796146531214007,0.15645535139361594,0.14730384392827608
j'aime,0.3224494091615889,0.20375442771817892,0.17653053483605988,0.15159606574610374,0.14289328636343385
j'aime,0.3218014602042354,0.20173831855994387,0.18072223235312204,0.16507026780431686,0.14735174603847442
j'aime,0.3130400852972172,0.20221814116060105,0.18569393006337295,0.16500332150510783,0.14979424053364565
j'aime,0.3082330550778397,0.22495107946803436,0.23693571611261363,0.23823396559751617,0.2107404886958104
j'aime,0.3033439390233104,0.2170371359237006,0.2153958532005848,0.16812840351118405,0.1512706372563288
j'aime,0.30506769276964735,0.2025406716951079,0.17704268214436722,0.14969232400836285,0.13929414240712448
j'aime,0.3061777576765325,0.19425961807729644,0.16397496683693774,0.14231510221133778,0.13018244434488316
j'aime,0.30729840558450155,0.19272227605258407,0.1643934306230025,0.1407004905279946,0.13232697206293767
j'aime,0.31322812939142214,0.19758712881975551,0.16718693242219929,0.14231332085476583,0.13241488678284594
j'aime,0.3150241926719756,0.19977465477782555,0.17031886888121367,0.1462194922344513,0.13209040625527174
j'aime,0.3179359032662892,0.20690570955655102,0.1735143240364346,0.14633189173848818,0.1477578806579088
j'aime,0.32343781638484237,0.2217369838663055,0.17946848366936927,0.14669395541425953,0.13091764745358242
j'aime,0.33099968929758966,0.21908915978022533,0.17707545192013677,0.14428448318115372,0.1245368145133014
j'aime,0.3469822144719195,0.22177795715307588,0.17789476105175464,0.14088926671702764,0.12049819210859741
j'aime,0.3854610781133268,0.23964195073234792,0.1885935163573893,0.13736503919808343,0.10546657152562704
j'aime,0.40389691250611515,0.2563175544004533,0.20150072459848087,0.15986171504932248,0.12920572419325171
j'aime,0.4104474183036496,0.25053567829974577,0.2028879972046812,0.15760612731252596,0.11785902692277896
j'aime,0.40504954554800016,0.25678277517791104,0.1957234248881984,0.14755488377496684,0.10333914167928553
j'aime,0.4071947206720676,0.25345128596947886,0.18335047002308358,0.12960532174920236,0.09242854502383081
j'aime,0.39997210914134695,0.24186252605544506,0.16580854954653745,0.11067585935309006,0.06808088073291645
j'aime,0.39619829866456646,0.23519979706857785,0.15967939267369977,0.09988351301902734,0.05504886586770009
j'aime,0.3956153898826387,0.2205666251791182,0.15170153197234587,0.09420013830727779,0.052449693778167626
j'aime,0.30218237961460265,0.12868045606468273,0.10084051031209637,0.09008571358596898,0.12256278800475974
j'aime,0.3333948496694198,0.13459461600931308,0.08204531466020212,0.054956770464076925,0.0959008229211275
j'aime,0.4099150785520802,0.2027637315503378,0.14311492026001593,0.07536910712481475,0.021381228490928144
j'aime,0.41812042624430584,0.21788517425974535,0.14688816481402062,0.07785169651574549,0.029286054223519334
j'aime,0.4215363564587969,0.21572228714987926,0.1437888663347928,0.07836017177624557,0.026502606750628516
j'aime,0.4262315359976132,0.21724461679800183,0.14354473217561617,0.08147329793876502,0.026086664907058136
j'aime,0.4090130496540863,0.19281207728786637,0.12521836281335144,0.06874420092732902,0.026898035116292306
j'aime,0.42333484961453294,0.2025565251583288,0.134548941189103,0.06761060592050332,0.02040449574439229
j'aime,0.4196228431921477,0.18567663228452078,0.11902817753580375,0.049774455336025224,0.040105908622917866
j'aime,0.451925092535112,0.21821648627394233,0.14725139732010697,0.07580177068781754,0.03346452315147122
j'aime,0.4853220998927158,0.23140100689114956,0.1658116074333536,0.09833533908062499,0.03597118301081543
j'aime,0.5056974105029235,0.2444974816102505,0.1795484596687525,0.10662845696029569,0.05377511381342124
j'aime,0.509220540851602,0.24899051026711744,0.18563472633201722,0.11007670300863776,0.05205542415400964
j'aime,0.5091331243752031,0.2504611112545179,0.18684024678400052,0.11246193989163682,0.05276629559319585
j'aime,0.512023764735871,0.24768238106102783,0.1818150494468553,0.107718428214064,0.05051402408469255
j'aime,0.5034296615139814,0.23885862061617663,0.17154446849726246,0.10352706893842777,0.04453020786601534
j'aime,0.5063915975990124,0.24235859723819037,0.17893517589566574,0.1100040457929008,0.05387843143875593
j'aime,0.5088442696614177,0.24932057708398128,0.18787143820975125,0.11927755345384479,0.06305919075533101
j'aime,0.5054139993967438,0.25037800777719016,0.18953058126246575,0.12061469111891965,0.06355152948137784
j'aime,0.510442212663996,0.2492169266811455,0.18505134068393567,0.11620358419651979,0.0601691804680775
j'aime,0.5042355936764021,0.25193967001244194,0.19044297594344084,0.12037063783256152,0.058810777484664824
j'aime,0.5073178762720496,0.2556844177476881,0.1966290178101756,0.12932666964558567,0.06028009964880808
j'aime,0.5283108324592066,0.27950594783895644,0.21962372997464344,0.14542783064536904,0.08070532107470124
j'aime,0.5237261637231044,0.2729381060832432,0.21844087524495573,0.15271996527957848,0.09502317727663351
j'aime,0.5237428347826386,0.2685173724232385,0.21742695318579885,0.15556008746460795,0.09956341615874259
j'aime,0.3985198768050875,0.20638028897295785,0.15971591173251776,0.13259145052250987,0.12586312235149452
j'aime,0.5113609921106207,0.27767760529332086,0.21968348207823865,0.16141865549661805,0.11652556072607816
j'aime,0.5128893798284035,0.28398131116152203,0.2245389299064994,0.16938904063323507,0.12753360611440884
j'aime,0.5060014057827622,0.28436876889332796,0.23315130667217981,0.17526070397321694,0.1282321889967193
j'aime,0.5023383189269655,0.27892873876017193,0.23041962686896814,0.17842136370461262,0.13116006983225215
j'aime,0.4625409121495449,0.2698273702974319,0.22353183208511362,0.177970196873924,0.1515572300402704
j'aime,0.4444321978113283,0.2567533214206231,0.21822894247718563,0.17004000325524193,0.14370938499190938
j'aime,0.43706953545105637,0.2504925784832873,0.20435830636022784,0.16544539095007824,0.14705226886203973
j'aime,0.4346318450982033,0.2515990110073693,0.20335139176995037,0.16921706751469934,0.15330418365928583
j'aime,0.42402872139626197,0.24197637466408875,0.2008379545560558,0.17042852173814205,0.15547057714209486
j'aime,0.4192659886702741,0.23773660849070824,0.199843554245736,0.1693322943371043,0.15876135234327343
j'aime,0.40890176045651283,0.23700194915849446,0.20181510010310214,0.1732415020501148,0.1638022147463506
j'aime,0.41084574932645884,0.23311757384655804,0.19326434531391795,0.16490782766556314,0.16515836919039645
j'aime,0.41834441188329713,0.23420444842426996,0.19041701678852924,0.16263658048134524,0.1729925477751731
j'aime,0.41924330097502616,0.2347545291698862,0.19432900532090508,0.1617686594377922,0.16295865231282453
j'aime,0.42131196262406506,0.23961940046928773,0.19466976284367069,0.1594363291984017,0.15454699181546752
j'aime,0.417913824640521,0.23730447666008853,0.1935861247514071,0.161324142817695,0.1534877717668998
j'aime,0.427403252919107,0.23083684603720095,0.1869500073553464,0.1545651011257811,0.14436077483320406
j'aime,0.4271211265875127,0.23019214270104826,0.18621570627196118,0.15405185847926722,0.14063633482815482
j'aime,0.4279086294964513,0.22124705807560208,0.17735420622283055,0.14896652898215917,0.14128581102099072
j'aime,0.4183730237988157,0.2271298488517561,0.1765442625931236,0.1492403634079106,0.15019507188985404
j'aime,0.40456662167242086,0.22215465147124422,0.16743980164688396,0.14197734603446108,0.14279030299460024
j'aime,0.4016528331609412,0.20680854547675673,0.1573474189354925,0.1327202619979002,0.13608244490618435
j'aime,0.39901268632807946,0.21117777240037994,0.1593840779849897,0.132821489681303,0.13953675539363591
j'aime,0.4016095183915144,0.1945306571668107,0.1430530878010123,0.11868216782247103,0.12082454216817447
j'aime,0.3971777816873084,0.17944183438997208,0.12483567807338761,0.10204489850793974,0.11047918735870232
j'aime,0.41951130609645476,0.193296833745056,0.13424747099921344,0.10483946868214085,0.09598573142567295
j'aime,0.4616014586251547,0.21746455300818823,0.15365217311344795,0.09963502014617921,0.06234465195740067
j'aime,0.47668148622961076,0.2333231598773373,0.17727927970943683,0.11980484740463959,0.0680331628560437
j'aime,0.48190853160957564,0.24274262581363987,0.1967980748269497,0.1359491641009721,0.07988793724274217
j'aime,0.4814702977532046,0.24248059531245972,0.1885596604223079,0.12875436314419944,0.0728166744734269
j'aime,0.471743502971996,0.23259012536356216,0.1827145451398671,0.12738036877290776,0.07156775707638927
j'aime,0.46811655722587964,0.24189373513290488,0.194529972322609,0.1505016501653701,0.121276630010573
j'aime,0.44928083653698786,0.27318666500968425,0.2282071556494548,0.17400487785619723,0.13937266497189327
j'aime,0.4362379422819594,0.2475625371269262,0.20091038032160802,0.15858312745403505,0.12932198711012166
j'aime,0.4205108715005078,0.2423616446612404,0.2006097212856353,0.1618507489469211,0.14240833694283295
j'aime,0.415695685186725,0.23430390043637203,0.19311656275880917,0.15884892281600124,0.14354136384134003
j'aime,0.41093089474042155,0.2322120941286295,0.19268510956876467,0.15447183311108395,0.13489214841315547
j'aime,0.40868608240320237,0.22937551624147384,0.19045302443954,0.15683458027801583,0.1441405503522626
j'aime,0.4085760742203898,0.33256936514035335,0.2828251091936438,0.19112238845048105,0.16814574940633106
j'aime,0.37667164167609135,0.23839920964981942,0.2073356005485914,0.17054682074679825,0.16050791380950388
j'aime,0.371436682242777,0.23152387661527862,0.19273425244124684,0.15881288372630234,0.14699732691735215
j'aime,0.37007255848448517,0.23429603955207942,0.1963383125008434,0.16347098963701717,0.14767900309458243
j'aime,0.36539526213379747,0.23095817668927604,0.1955027648999545,0.1649449400295477,0.14799761757130903
j'aime,0.35888912696641095,0.23377449869455877,0.19968341765182201,0.1664762635128608,0.15315877463582908
j'aime,0.35635250526381845,0.23549560033262976,0.20272053291210726,0.16993461501740953,0.169431457383528
j'aime,0.36081305631295374,0.23685006297499017,0.20280362514432554,0.17199012444988265,0.17716118851663373
j'aime,0.3493210780389015,0.23526402957289036,0.20068741839654997,0.16739637262662788,0.15164132269479275
j'aime,0.35672336774669855,0.2381075901806984,0.20316592903000655,0.17137850199134433,0.15842820683410766
j'aime,0.35988570717457685,0.23958334194808348,0.20316904015857737,0.17180704077416376,0.15737396425494526
j'aime,0.3615208764044367,0.24090523808398787,0.20251247681661852,0.1697351098181509,0.1508753275116989
j'aime,0.3684319148939051,0.2354504557737031,0.19708756382487294,0.16631162200778593,0.14244253845392177
j'aime,0.36825773851966304,0.23399670679921614,0.1946555441788143,0.16397722713313725,0.1435491509743023
j'aime,0.3681614892686243,0.23427297972280706,0.19592303845609438,0.16633722038738133,0.14695323538446184
j'aime,0.3711262533757513,0.24250096924347536,0.20419195378779384,0.16871106917541834,0.1578542408081157
j'aime,0.375310132009485,0.24771790419382156,0.19814362582886888,0.16252372916805313,0.15447774885564738
j'aime,0.376819744476221,0.23281880776231872,0.19041860251266407,0.1596625872040789,0.14735880899604062
j'aime,0.3763873288395127,0.23818003500848722,0.19902486837985756,0.16249524974766258,0.1576549800821697
j'aime,0.3757222791688662,0.26629511176420545,0.22866379813010348,0.16703685646483885,0.1608249770008447
j'aime,0.37416994050572894,0.27893883952355203,0.21700652612403293,0.1718290659662626,0.17260241072190605
j'aime,0.35667717130920823,0.23047499998493515,0.20080307156120533,0.17292707600546503,0.18620431125843265
j'aime,0.362100733031581,0.2466512929585625,0.21522268234255776,0.1846230124048386,0.1757876441746401
j'aime,0.3550723347776139,0.24336921317476887,0.2123897176393111,0.18513548621292727,0.1849218878031876
j'aime,0.34417820806473043,0.249116410706665,0.21716206412411548,0.19320751214371465,0.20108568189505616
j'aime,0.3356497423379456,0.26511889225386703,0.2320937910953511,0.17827016429601578,0.17795598088738537
j'aime,0.3242402385945182,0.27907701440175264,0.22320110602677795,0.1710626188092555,0.17293791628033636
j'aime,0.3151533005329477,0.285645949699118,0.24161542202048666,0.16902290875990117,0.1668920278748689
j'aime,0.30932313823191804,0.23712017951557263,0.18686949910177306,0.16035852474434678,0.15118577302837702
j'aime,0.25911908845713283,0.16569842638185017,0.14644868626629545,0.12362010466603507,0.11583109881819723
j'aime,0.2892621142589708,0.2009928097424174,0.17928624011033606,0.15539963836331094,0.13681168782948763
j'aime,0.2782284895692221,0.19131672180342216,0.1690479175726476,0.1472950427554174,0.12497123111328622
j'aime,0.27207002374256856,0.1857357654867421,0.1684215414382523,0.1479148365461065,0.12483097507055894
j'aime,0.26740002482457487,0.18718428061949127,0.1706900315024593,0.1482569890532423,0.1235973878742641
j'aime,0.2638076153991225,0.18338903328669465,0.1660364014630604,0.1453801279102252,0.12081179659890046
j'aime,0.2633325654314437,0.18218440011796413,0.16591596324696173,0.1438558051103707,0.1209061009894805
j'aime,0.26231297935460884,0.18383658399812206,0.165191379215731,0.14531382742111856,0.12352612756070214
j'aime,0.26749578539872026,0.18919084585797852,0.16935258093116579,0.14705938936166543,0.1258957307189822
j'aime,0.275178366973477,0.2203496093706923,0.19815146408406917,0.17680788702468553,0.15653049256362359
j'aime,0.23772946361844502,0.23206558498320098,0.20703319311444748,0.1797234443895557,0.15012163410904983
j'aime,0.23934479049083648,0.24895703752443155,0.22357272320526053,0.18359946371034158,0.1345294027566437
j'aime,0.3291162953334261,0.23232795690583513,0.19514727270564058,0.1701510900738696,0.16407247524054835
j'aime,0.3376953519394814,0.24210626191025064,0.21063837798751447,0.1823520343666425,0.16983424948556644
j'aime,0.3502668894560918,0.23995086220106895,0.2070958647283044,0.18071005566051984,0.16621129013073668
j'aime,0.35199259140377603,0.22969565027859992,0.19926598135646664,0.17157799036538607,0.15680913804041705
j'aime,0.3530116521382677,0.2325891023657405,0.20256334011775964,0.17283761185598598,0.15586248934593966
j'aime,0.34650420725951375,0.2295950385260423,0.19957981082418408,0.17028320971642946,0.15704157743479452
j'aime,0.3449591964149408,0.2307076316282141,0.20439910658658733,0.17842502370621677,0.16070862620853502
j'aime,0.34433150417875225,0.22730715605410293,0.20027261644635408,0.1759145853154893,0.15976708474965293
j'aime,0.3446415989558936,0.22785791454677035,0.199580806644514,0.1726454556288545,0.15354667462356494
j'aime,0.34585811381069714,0.2299658161232949,0.20073821808798303,0.1732174872859824,0.15320541481813346
j'aime,0.3499103542952474,0.2291041846155579,0.19909438130334403,0.16889977068122122,0.15119029176847376
j'aime,0.3585888343477377,0.22942991794093917,0.19607969092172864,0.16472773601973725,0.14645688134365317
j'aime,0.36229165909218175,0.23189576300900291,0.20138856608286537,0.16642378322792623,0.14881343129653618
j'aime,0.3692966566414005,0.23212444374702262,0.20047493552845824,0.16496422575746034,0.1469205805751855
j'aime,0.3716226250890376,0.23352550463573313,0.20301666538119453,0.16821986007603396,0.14936860152346848
j'aime,0.3779918543921128,0.23664027232623197,0.2055454012669793,0.17056964554058057,0.15216146507140135
j'aime,0.3808754075285232,0.24010096258842095,0.20910031818265173,0.17482443901159353,0.15881681488664828
j'aime,0.3842745806636096,0.24440542848404206,0.21155809697925837,0.1812162825227373,0.16822822147163619
j'aime,0.39615786920955764,0.24594636926474284,0.2118487983005651,0.1831728246553904,0.169429942522749
j'aime,0.389167651928993,0.2482940667447021,0.21192030363704084,0.18322845721359146,0.17002470680065657
j'aime,0.3887452058302871,0.24888933857649967,0.21101062162747575,0.18021731895628412,0.1669387452333032
j'aime,0.3892357696370315,0.24757101935604015,0.2100477371559657,0.1801709119381625,0.16655301877372974
j'aime,0.3913448344967029,0.2464833739374824,0.2109495187728051,0.18128728158964325,0.16674843368725542
j'aime,0.3891395027243301,0.244527698261611,0.21047656433432088,0.18093203340485223,0.1677383685587549
j'aime,0.3933512529743185,0.23886844283846154,0.205633635198363,0.18341531721191,0.17942847923853447
j'aime,0.3945486273957546,0.24279124791248086,0.209243004839234,0.18425654814766274,0.18849809848787147
j'aime,0.39100126493279197,0.23710159579643386,0.20413352044744887,0.1815856834407631,0.18986889616290434
j'aime,0.38903626729006885,0.23738774703845494,0.20401770090755453,0.18360469944904334,0.19568651747453192
j'aime,0.39066526616384917,0.23634262074606532,0.2031663141015353,0.18110407354086444,0.1874936955743328
j'aime,0.38894535757822135,0.23700961908700033,0.202713643082783,0.17845893797627607,0.18140772040521924
j'aime,0.3915232252467278,0.24268060202975972,0.20931858254041008,0.18474256033976477,0.1853286682704846
j'aime,0.39708028468136436,0.24745252936633572,0.21443076534003394,0.1844016731261929,0.1839779749370339
j'aime,0.4040539872025084,0.25038732443354633,0.2152905140488914,0.1878752957665655,0.19634030643950207
j'aime,0.4080437365961606,0.25033255762126017,0.21943721136358355,0.1888533883942044,0.19293479357123838
j'aime,0.41206642969085994,0.25377757033071124,0.21732702733491602,0.1851045359223287,0.17819585961905707
j'aime,0.41918978441125404,0.2591831943830167,0.22403585026929063,0.19232220688633458,0.17746302532081062
j'aime,0.42245999190306377,0.2616252144694713,0.22388546451258037,0.18891268812923,0.17118149700625887
j'aime,0.4221008737269741,0.2657070289336308,0.22353058875634021,0.1863391737285628,0.1702285317455416
j'aime,0.4292101992254854,0.26736941691650173,0.22348991756898803,0.1838389797648839,0.16859469876557975
j'aime,0.4276295236004772,0.26728721824876217,0.22202781057563514,0.1834970764650293,0.16972167487521353
j'aime,0.42964698152321845,0.2676000397977541,0.22324197713047608,0.18825647182177688,0.18243246814531136
j'aime,0.4306841721906175,0.26639100636964375,0.22408484834993742,0.18328753688533353,0.1736832034511646
j'aime,0.4320705452039003,0.26465841006572727,0.22474894635656442,0.18425834642911093,0.17441343675433404
j'aime,0.436705813216446,0.26254652266567496,0.21778976088625135,0.1788646931557191,0.16958790844437285
j'aime,0.44247321626159614,0.27110972399998323,0.22800478435355492,0.18251677152869925,0.16935420575963614
j'aime,0.44285364072579414,0.2718667127926233,0.22798331885102188,0.18488481337456275,0.17319330548002523
j'aime,0.4465695387724921,0.2747545987226328,0.2306347543176425,0.18473871857854884,0.17114042679561714
j'aime,0.4436505003969105,0.27228720948111923,0.22592877175215398,0.18073210145817337,0.1676947708664741
j'aime,0.4434941798202452,0.2688771003586503,0.22441251025166342,0.1773842777177541,0.16256805961767767
j'aime,0.44061110422454436,0.2659050352761118,0.2215954248439956,0.17210438079929297,0.15749905603925526
j'aime,0.437029619121671,0.26208285548729604,0.2189234333983834,0.17908390273021055,0.17464901391031562
j'aime,0.43923091418200694,0.2716862044463637,0.23250371420429278,0.19448500547903522,0.1974830154931462
j'aime,0.44018998568280865,0.27453114007962853,0.2428347263963998,0.19755066267428353,0.1999404191818372
j'aime,0.44042902471778983,0.266332360566582,0.22178998658236687,0.1889227030728366,0.18630733226999124
j'aime,0.43778393867533966,0.26696613101428024,0.22701786634850238,0.190520572305013,0.18494445422770658
j'aime,0.4381439787958044,0.27342707997574195,0.2310929752734714,0.1929898278245864,0.18233432492466722
j'aime,0.4422391709538645,0.27867118105083927,0.24255355677205895,0.20881004415268858,0.189458349984556
j'aime,0.44372801125851813,0.2761973962707984,0.2317333121124392,0.19514367032864213,0.1728423162213847
j'aime,0.4417861335218557,0.2635464741457724,0.21532756538808256,0.17370046505003894,0.15815136953899295
j'aime,0.43463133517715286,0.26283327108135335,0.21872682542894162,0.17726711292646122,0.15668313962286795
j'aime,0.4316142653623088,0.26212106510199157,0.22174193207947346,0.176489275021638,0.15817963118553788
j'aime,0.44859515608330247,0.2722177152136763,0.21734286530120545,0.16840903079560451,0.1647202221093569
j'aime,0.44847548641471635,0.2693367643613238,0.221790916215254,0.16258252477627821,0.17029528079520873
j'aime,0.45096552548589014,0.27239895445930973,0.2266015434140323,0.16846526494845007,0.17534336866060074
j'aime,0.44876091488781256,0.27558541818238175,0.23080725921248035,0.1752602697090433,0.1748547228269163
j'aime,0.45054840651652944,0.27703662535470486,0.2318512379898757,0.17656033216534556,0.17637150025040574
j'aime,0.45144064200152345,0.27821053360430303,0.23247980123768805,0.1806987109076458,0.17794169748125632
j'aime,0.435958752738198,0.2748071409524933,0.22765753998686272,0.189927375059167,0.18577817489475731
j'aime,0.43588435901169525,0.27217252107359524,0.2308634794937692,0.18766096171729854,0.18526222529220657
j'aime,0.4381155125765504,0.2776516954119343,0.23660976933109074,0.192157734702759,0.19314485571420778
j'aime,0.4391332073881796,0.28097873213066005,0.240811003389783,0.19364704936050767,0.19244211662378027
j'aime,0.43248518835931554,0.2785833958815458,0.2380637508624322,0.19072328308187583,0.18239016990359191
j'aime,0.4321804532539734,0.2765454701096902,0.23659993459774908,0.18943259330276077,0.18601475344586646
j'aime,0.4294472948413848,0.2764740337520633,0.23554190118967527,0.19217200908445756,0.18858345474419977
j'aime,0.42306530618699434,0.2687461384839234,0.22845929196921796,0.18180545162007913,0.17630927753886927
j'aime,0.42023163875017244,0.26909593949487937,0.23118187016387107,0.18425822325403532,0.1765428148167499
j'aime,0.4188612989449505,0.27119781799531695,0.23316303058986607,0.18474450714538362,0.18065342167521561
j'aime,0.42330333690549116,0.275259923800856,0.235560559851992,0.18778345690881532,0.17786394574833245
j'aime,0.4213791522671515,0.273080857065833,0.23325438304886234,0.18553181373802222,0.17420048064384236
j'aime,0.4231394448113262,0.27539704036529666,0.2338416429183517,0.1873655124524245,0.17322178941879876
j'aime,0.41871683840043206,0.276253973016708,0.23439818183202807,0.18994949466260017,0.17294709468097877
j'aime,0.40878211996707065,0.2665011330126449,0.22366342065928224,0.1831793841445133,0.16265192863964242
j'aime,0.40913244939717003,0.2649312333454441,0.22474255106345514,0.18431510839890944,0.16158498333823915
j'aime,0.40839067484871594,0.2652826617485486,0.22582524155337075,0.1854438561746435,0.16331460628926608
j'aime,0.40970777461356,0.26705624907279857,0.22791840418613685,0.1883775018417958,0.16735960188327656
j'aime,0.41061181791829204,0.26853780208914146,0.22969347780384317,0.19052784515284343,0.17148949558841514
j'aime,0.4063908214423826,0.2628673178822593,0.22301340737095504,0.18166775893331122,0.16561628646792415
j'aime,0.40529767454948734,0.2664570703012115,0.22634765675497132,0.18418450585373974,0.17014719436122883
j'aime,0.4064939726486791,0.2652214019945492,0.22368215288934654,0.1823801796011003,0.16881916973809205
j'aime,0.40166587094320594,0.2622381600963766,0.2202791419381939,0.17883649369174656,0.16504329652084815
j'aime,0.39877539504789355,0.26142205586581246,0.22067734928837215,0.17836594490822769,0.16506069144469657
j'aime,0.39878250958811634,0.2588508144000049,0.21886492599815935,0.17743638114886096,0.16179073254687074
j'aime,0.3989546556178751,0.2591038920702388,0.21946548151375553,0.1797987857563157,0.16506498355989999
j'aime,0.3984447889488803,0.25723454414557534,0.21659471906491415,0.17621789168766544,0.1621465765547887
j'aime,0.3973922943915238,0.2555635562033545,0.21572785421437438,0.17700610645088805,0.16262597999983702
j'aime,0.39194938752311487,0.2535196111917585,0.2153650738995139,0.17828862454660313,0.16727353317503008
j'aime,0.3928006907412397,0.25464847706755533,0.21748039155500837,0.17987498588791426,0.17102450803664226
j'aime,0.3915229558355123,0.2543416186677211,0.21823230690737566,0.18056053026812532,0.17398256340056809
j'aime,0.39054785796104036,0.2531549487845382,0.2186653666626344,0.17449985640445173,0.16246511431138408
j'aime,0.39360204298597556,0.2539376894124438,0.2199440200511678,0.1735861290613439,0.15651716503687585
j'aime,0.3965853231731724,0.2574919819052937,0.22172087815135094,0.17930611221560142,0.1619124424528138
j'aime,0.3977362000075997,0.25790107155912817,0.22116150079904676,0.17877749477275431,0.16501021449800082
j'aime,0.3996914376292808,0.25934061373928907,0.2217900491860917,0.17889030820232826,0.16377128848194308
j'aime,0.393905868089668,0.2518059949598813,0.2088645160471556,0.1719517741144665,0.15597437213335025
j'aime,0.39682184697122946,0.2513768315600058,0.2168901735316243,0.17338151575654687,0.15414093877126955
j'aime,0.3963789667087593,0.2525732057671114,0.2178975019750295,0.174473635495683,0.15579690187716858
j'aime,0.39662037073473416,0.2518622224301325,0.21710905068155686,0.1734165110134674,0.15439753364232192
j'aime,0.3948952839716039,0.24860668443249867,0.21045056885049626,0.16823881436191848,0.14915728673875653
j'aime,0.3976895897417549,0.25191988322290665,0.21551871094146757,0.1749865810686686,0.1556199333641476
j'aime,0.40278448530393834,0.2484165319847502,0.20848713453236498,0.16762407721893013,0.14650027486208936
j'aime,0.4120292368130011,0.2546006173252711,0.21593493237092842,0.1717802939831503,0.1528988878953001
j'aime,0.4110750581134708,0.2547342460585365,0.21926739290327982,0.17382438825140376,0.15630058886218828
j'aime,0.40975714195011387,0.25551134074180437,0.22070400465476975,0.17481417219040127,0.15301514503820798
j'aime,0.4059316542207952,0.2545349644720699,0.21804953907351995,0.17091700957217135,0.1482734010038972
j'aime,0.4062523082526918,0.25304533093204135,0.22233556875009367,0.17612474216607082,0.16103929998954872
j'aime,0.40266589281006876,0.25197112328042637,0.2191488563982718,0.173012481047785,0.16072472154248924
j'aime,0.39918160230146027,0.24885087896109764,0.21556150041643105,0.16920194152345602,0.15563197874366463
j'aime,0.3980167969906681,0.2502652384817355,0.21304173676772972,0.16342728304060913,0.15378708296004753
j'aime,0.39987789194765133,0.24515075625925306,0.20464461279243462,0.16121285872305108,0.14661235956441385
j'aime,0.401318590048468,0.24624140550921741,0.20422461262514202,0.1633695110938861,0.14405522731671058
j'aime,0.4036642913052711,0.24662112163308106,0.20486959872046911,0.16390962300734999,0.14367315377370335
j'aime,0.40767029850287767,0.2459083239059144,0.2047298588522555,0.16150272142580746,0.1436978493746126
j'aime,0.4065972324032062,0.24868106687138336,0.2066660136080162,0.16118927713082215,0.14133482508655568
j'aime,0.40841866380254255,0.25001039282346704,0.20961661135105492,0.16244709289656648,0.1416389193586662
j'aime,0.4093307357494029,0.2531891425445558,0.2099116707643421,0.16754117415592157,0.13916416690938577
j'aime,0.41667987807275375,0.2545032276941371,0.2131530881988408,0.16296416094744556,0.14342186375022326
j'aime,0.41701956809514024,0.2545698338856218,0.2143612856374421,0.16424524305881194,0.14440205230512715
j'aime,0.4184679535346034,0.2546910063083901,0.2151130647417455,0.16462478649343093,0.14373232623509904
j'aime,0.41919369459978234,0.2554606425860303,0.21691748853593748,0.16646412813336015,0.146882905625652
j'aime,0.41941102698853666,0.25677470920026074,0.2163899293487175,0.16670740360493758,0.14541202327892683
j'aime,0.4215874929471574,0.25527082090724307,0.2141519617541928,0.1635829765353667,0.14271428506560113
j'aime,0.4261567449704608,0.2609557753451447,0.2170923349590388,0.16510570143242345,0.1449651303274217
j'aime,0.42814190709375355,0.26317696643825156,0.21956882098236036,0.16556129833030953,0.14453278656254423
j'aime,0.43055284662599685,0.2633531279131522,0.22098384444262795,0.1665995741139347,0.14601549735120634
j'aime,0.430286854240258,0.26284057589832627,0.22114181912894793,0.1678077147939473,0.146350060266018
j'aime,0.43180940238862137,0.2660926030140678,0.22418740542836846,0.17131883473785356,0.1474741523940999
j'aime,0.4337022138805846,0.2696885016029414,0.22871562411148594,0.17695121849541506,0.15056529904026414
j'aime,0.43549896774160796,0.26982792530460425,0.22882958815636412,0.18006856453742462,0.15269075337362048
j'aime,0.4307106441487382,0.260966382163999,0.21616217701502,0.17883687768154602,0.17201122058408802
j'aime,0.42865816269619816,0.2578911462253258,0.21543324845196618,0.16840815695521752,0.15559990204038177
j'aime,0.4341596866153535,0.25752230075848587,0.214500259117252,0.16984415628606842,0.15599708706174586
j'aime,0.4275220357527298,0.25687216390393114,0.21380909833617648,0.1691339042056562,0.15590109066644392
j'aime,0.4275812118327679,0.25711467069324256,0.21436748167962058,0.16989209655279325,0.15492857582703864
j'aime,0.4187489032668691,0.2550781847355797,0.21150794558990763,0.16872332656360564,0.15127770630840645
j'aime,0.4090623246834902,0.2522551075600318,0.2082834183128193,0.16262513476240634,0.14525818771348292
j'aime,0.3829333842033514,0.23684179191159982,0.1979991316735003,0.1587110233465036,0.1368936814774069
j'aime,0.36754747702769064,0.2319388623262122,0.1948917910790998,0.15328691945487002,0.13203756606460854
j'aime,0.36102341817191963,0.22549624455945297,0.19108271027952317,0.15195151862438294,0.1304072947402384
j'aime,0.354748956804201,0.22161882172772204,0.18837721205440716,0.1519797833932842,0.13111764590670005
j'aime,0.34824175688016856,0.21671233596870634,0.1849882496261819,0.15071027689867772,0.13134850529174652
j'aime,0.3408127346930028,0.21069511923203202,0.18022335413812388,0.14564533505173194,0.12760736069060474
j'aime,0.33567982605557745,0.2098384512627145,0.18184349558199356,0.14597576349259833,0.1289489928932654
j'aime,0.3314184094614393,0.20435155887605377,0.17771726404596988,0.1430718852670966,0.12634921970942092
j'aime,0.3312735640679182,0.20440341486987862,0.17550738685424333,0.1417851629224481,0.1256788899513761
j'aime,0.3320898046273878,0.2048172376386991,0.17631797266605834,0.14160923129259165,0.12551609441588538
j'aime,0.3345676730252022,0.20574586066858375,0.17706928813962766,0.14230568404345922,0.1257313826514717
j'aime,0.33531388770372667,0.20812760981756687,0.179164689264234,0.14374990388509865,0.1281637299139805
j'aime,0.33510174030434814,0.20829695798811143,0.1789273844142893,0.14372981291504688,0.12836177689149378
j'aime,0.3331268227581127,0.20776972726728007,0.17781438147634446,0.1429424269870664,0.12788169218814743
j'aime,0.3301495707078257,0.20780251465589902,0.17770838184809987,0.143328225950863,0.12811900540471663
j'aime,0.3245898736683696,0.20572355195278272,0.17610466607182093,0.1431282489369098,0.12647743890964586
j'aime,0.3189869668096428,0.20481975723066614,0.17723774341221032,0.14503444829850032,0.12688925826812622
j'aime,0.3190950176081236,0.2065995783929683,0.1802463715964317,0.14933681886624442,0.1265273396256673
j'aime,0.2716085316082832,0.16277347486646207,0.13803198863305802,0.11537334588940615,0.10523376843072577
j'aime,0.3167193958096733,0.20464682249690266,0.17722689767076577,0.14614321714450662,0.12409453908727144
j'aime,0.3097597527127808,0.2041464180254404,0.17576020194401049,0.14321822201130457,0.12082870577064712
j'aime,0.3106803112668685,0.20305468997106665,0.17612334701234933,0.14219722390635664,0.12038431060015714
j'aime,0.31104683666465477,0.20284293318431273,0.17547439515626556,0.14282184552929558,0.1220478001602889
j'aime,0.2651688882075071,0.16052886379995865,0.13606712647829183,0.11144057624351097,0.10176901341860897
j'aime,0.3125792099070228,0.20468136906358333,0.1774809463149167,0.14410470837158268,0.12184553170928333
j'aime,0.31242380661481195,0.20309634814662675,0.17630174701078052,0.14337886353593915,0.12273840057719397
j'aime,0.3125881967726675,0.201834055410605,0.1767437639050111,0.1432169846358651,0.12126724474642142
j'aime,0.30893758281998007,0.2002836081683721,0.17721667782226824,0.14396667217161596,0.12300183411468647
j'aime,0.257754284997329,0.15336760275431605,0.12933348706720835,0.10950893511362755,0.10395893790625498
j'aime,0.304354263673235,0.19933815540165806,0.17536174932956683,0.1430319499972522,0.12377154183849974
j'aime,0.2889034293472221,0.19640689872339268,0.16780605542666366,0.14420551301947854,0.1313160412444942
j'aime,0.296544801610381,0.19058684216258534,0.16533672119527212,0.1401232382182885,0.12602809488798258
j'aime,0.2910187144970603,0.1868814424856619,0.1598235672369762,0.1352917151450623,0.11969294281435784
j'aime,0.28822885792343494,0.18126134589259713,0.15541194295386626,0.12995415497372567,0.11634569096920566
j'aime,0.2884098908936538,0.17979474073724577,0.15451759717896574,0.12991002817709163,0.1152482583008429
j'aime,0.2829850478454766,0.17561952685074622,0.15200147285547969,0.13162939970219478,0.11956135464659351
j'aime,0.2851371618902674,0.17601813801614896,0.15446461166499567,0.13168494851602283,0.12180471474960716
j'aime,0.2832310292756396,0.17460983739032299,0.15010709573907693,0.1315128535730832,0.12053404036508958
j'aime,0.2886929653293026,0.17543710986301883,0.15305703942465834,0.13442582046546733,0.12322582794722857
j'aime,0.28922049529629706,0.17553602577415636,0.15409884255459266,0.13627244580533188,0.1256911598545724
j'aime,0.2933856236493155,0.177672432262944,0.15724254426396456,0.13971868255337472,0.12821283323596527
j'aime,0.2952008960917492,0.17673938106944653,0.15539225150714828,0.13737969562077545,0.12771064401669532
j'aime,0.29514793727626776,0.176591972292712,0.15476726092708767,0.13460451409292837,0.1245712479759371
j'aime,0.29726672772118096,0.1795753410781809,0.1559502750190335,0.13615634968245668,0.1275818423462161
j'aime,0.3002882327355572,0.18434338123534116,0.1618593483729283,0.14421415166420606,0.13409761223462197
j'aime,0.29537878469876455,0.1826990196292071,0.160788902696907,0.14367981902909308,0.1364949963812296
j'aime,0.29248421414306164,0.18298547707308485,0.16234064450931135,0.1428555806888895,0.1395204964325848
j'aime,0.29050409618483036,0.18366464210856845,0.1680972301426174,0.1563055630390637,0.14619158347067604
j'aime,0.28574487156209566,0.1864046291030209,0.17009140037508072,0.15410806742713626,0.1480400218663172
j'aime,0.30405722833239096,0.1885851145510174,0.16768972556997,0.15101045199622296,0.1446720804323854
j'aime,0.30873256839339,0.19122651844884012,0.1695907671894686,0.1540191724245713,0.1501979779778669
j'aime,0.32546054123683116,0.1950772885873026,0.1737053707200813,0.156886450022019,0.14897584104530548
j'aime,0.33222541634659886,0.19633268820983846,0.17199431365004145,0.1507564656119058,0.14313289486762737
j'aime,0.33223081813975397,0.1951258591858487,0.16820829230142145,0.146482548191254,0.14337592498985344
j'aime,0.32942604317311136,0.19242173073246552,0.16430960869509845,0.1426140545852417,0.1404400631113602
j'aime,0.32403528305469975,0.18697378242949347,0.16290361545721427,0.14390201305229847,0.13904775196660166
j'aime,0.3183680383280258,0.1834827321714935,0.15835164043732958,0.13829259069222002,0.1353678141243938
j'aime,0.31628694066813007,0.18175873761557818,0.16050676641694187,0.13985535623451312,0.13751925214024752
j'aime,0.31793647904727174,0.18450032955853785,0.1638164987218098,0.14271836309205968,0.137245375461589
j'aime,0.3183010210373776,0.18475028522172474,0.16530905031424437,0.14384194619800897,0.14183841329585675
j'aime,0.3175315899814624,0.18490148172851278,0.16609637941217653,0.14669269983828206,0.1456018298515933
j'aime,0.31777636061306025,0.18535534760310077,0.16543919358214806,0.14729479603961113,0.14754108824461556
j'aime,0.318790597690637,0.1865711897312916,0.16613676837889588,0.14694066055380245,0.14702402204146456
j'aime,0.31786294850379754,0.18601032687982108,0.16434888632115943,0.1462762007408969,0.14700501472721303
j'aime,0.32091961447437645,0.18675783335069898,0.16572200036461984,0.14690184411583174,0.14514722726203708
j'aime,0.32092716079724,0.18378923538463146,0.1669626779999903,0.1460082155661556,0.14369156747101874
j'aime,0.3268040157534135,0.19146854826484067,0.16630043311106904,0.14819830050854796,0.14535702919555826
j'aime,0.3306392419453909,0.190727796157917,0.1696812692980624,0.14925022511975203,0.1469452890268366
j'aime,0.33237816874755466,0.19389004923095804,0.16995776482659117,0.15048406885302867,0.15001408981711153
j'aime,0.33322951600721146,0.1928011633593864,0.1687631079487718,0.15215876018247138,0.1525523811980033
j'aime,0.33206943678478423,0.19310321865381436,0.1684026807257153,0.15265031376149685,0.1530532916096906
j'aime,0.33249067160223844,0.19284525972171032,0.16795541330163066,0.15047520791074456,0.15013485181821176
j'aime,0.3335701704649755,0.19426746282961607,0.16997696084409522,0.15190476543129008,0.15247264963828538
j'aime,0.33468079632953107,0.1946843704373413,0.17075555393793343,0.15119620410280513,0.14840467120805517
j'aime,0.33618938434613166,0.1957214095826353,0.17169050345906173,0.15073697882098072,0.14643479719023447
j'aime,0.33503383844335194,0.19563205714483162,0.17277398135801675,0.1532484336717985,0.1517216330390044
j'aime,0.3353913067713597,0.19503139295892355,0.1713348074513815,0.15055872915643925,0.1462190073185818
j'aime,0.33365149352851114,0.19559202160749464,0.17209419261688044,0.15252213693999142,0.1488135383962085
j'aime,0.3333762116646653,0.19541703732244176,0.17145911986537832,0.15072683527802666,0.1449675651071811
j'aime,0.3311391115215809,0.19558497718580292,0.17172656878551038,0.15084632950559823,0.14534551838074164
j'aime,0.3311336925383276,0.19547321235850368,0.17202553472912407,0.15116763285525348,0.14461700781886935
j'aime,0.32680799145006,0.19559103501526257,0.16929181521582332,0.15033535293303957,0.1471110250761214
j'aime,0.3302235591764216,0.19808315582899175,0.17498298078665384,0.15297021797946397,0.1457364886002998
j'aime,0.32620855482057126,0.1967413321197576,0.17256027417160447,0.1507826043221022,0.14381934778125882
j'aime,0.3287885843715147,0.19844908433722758,0.174234920827935,0.1516250999662968,0.14442316074044423
j'aime,0.3293294009709032,0.19818208514897145,0.17482218271672248,0.15208931421132657,0.14486630123312053
j'aime,0.3306051882080049,0.19781790547359002,0.17163722802224668,0.14820581906522706,0.14005501284100902
j'aime,0.3296480433663521,0.19809275822939743,0.17293606785096668,0.15036122387131493,0.14306818710196972
j'aime,0.328210240852719,0.2001351748249651,0.17600813009274724,0.15200875183436585,0.14453882068213086
j'aime,0.3288446645362255,0.20022222413658944,0.17557531041739494,0.15252255572899273,0.1451146423376971
j'aime,0.3299930556236808,0.20090405690114452,0.1765999877727381,0.1531864161380316,0.14551841714182365
j'aime,0.3297300304521712,0.20211254351871835,0.17813065238030243,0.15418775104915125,0.14557249113934714
j'aime,0.32895089516433607,0.20204809979411378,0.17815046197035211,0.15411585343948223,0.1454022740730207
j'aime,0.32959248224131293,0.20250142733829335,0.17802492379426021,0.15491985498077537,0.14672556090606545
j'aime,0.30008600913742184,0.2150758455526696,0.17635521917787184,0.14745823263067634,0.1384348159125309
j'aime,0.29155170617569515,0.2225659068462726,0.17773168400409403,0.1518044739608048,0.1409196513343453
j'aime,0.28851574198256325,0.22862245215640906,0.17924896839934842,0.15479705344483147,0.14181683173622733
j'aime,0.2920442121494636,0.2322366791012523,0.18221002685831644,0.15113043526357947,0.1322112601609003
j'aime,0.2972786242626415,0.23897619412059481,0.18994615268825216,0.15591609516555685,0.13191802383279602
j'aime,0.2524988674304217,0.20345959985733061,0.15026383793701167,0.1206002969875501,0.12066622196490005
j'aime,0.29775788258577923,0.23577677409768386,0.18779516662446338,0.1532012617382322,0.1394402882307549
j'aime,0.3333146383637388,0.1987776018450309,0.15639882104317274,0.12081834247827562,0.10378539738330633
j'aime,0.3289317105310238,0.19974799779452548,0.16140602989783004,0.12896901868351757,0.10534792577707602
j'aime,0.3303685517944166,0.20725969459995355,0.17440237429085856,0.14110623600660838,0.11778376810129633
j'aime,0.3375245043271497,0.2156096637475723,0.1813408810885071,0.14751788721166018,0.12534246597876594
j'aime,0.3369289715932237,0.21693268927292025,0.18690080495070238,0.15418720566833713,0.13289978115655934
j'aime,0.33746829827366437,0.22304683076166873,0.19001514068818737,0.15607520999556526,0.1354018676211535
j'aime,0.33268653339697113,0.223530519384632,0.18947426151982016,0.15611699737087617,0.13328043294760683
j'aime,0.32321795678490184,0.21731293976626054,0.18830254197063634,0.15739660742493827,0.1338599255349586
j'aime,0.3206364147383968,0.21229053195354544,0.18275386093764937,0.15455572117132815,0.12933299518507838
j'aime,0.31735311209584594,0.21179597583579046,0.18331760030059202,0.15379834362590294,0.12868881137897784
j'aime,0.31735137949078734,0.21177467912187653,0.18463734218611522,0.15285442461514728,0.13009990013581083
j'aime,0.3175537285130971,0.21079992412191123,0.18384412032759445,0.15184326229671055,0.1313398495747699
j'aime,0.31813732239108594,0.21101817190316083,0.18320795781606436,0.1509153996006973,0.13146840614081065
j'aime,0.3199873832392133,0.2123954644209859,0.18433750906620613,0.15112235183078007,0.1304967112890195
j'aime,0.32152217692746465,0.2125501882130839,0.1840157997000631,0.15115144032365038,0.13034168027447873
j'aime,0.3199008531679404,0.21372105806020064,0.18681868893471507,0.15386982147032496,0.12839818367753303
j'aime,0.324057187083295,0.21816449021320425,0.19763015992227542,0.16074780286497334,0.13830295787959188
j'aime,0.325333497357551,0.21387991127873332,0.19067701896386047,0.16176384603786972,0.1434613261491649
j'aime,0.32094567881797753,0.2138641599724505,0.18715811248571879,0.15820877368716504,0.13974790929417968
j'aime,0.31758532570186804,0.21089116174800027,0.1847599727578607,0.1558074709474221,0.13915873592154937
j'aime,0.3119158940562489,0.20623502620975126,0.17944790179930267,0.15175762419533817,0.13717760088179506
j'aime,0.3108197730662156,0.20664649358522147,0.1792843017213727,0.15174240740760037,0.13497850465328656
j'aime,0.30903666102068406,0.2009892793314777,0.1763037434515183,0.1486754924284165,0.1335468927206314
j'aime,0.31284500926687475,0.19838019661979253,0.17019336447169342,0.1448873840174574,0.13126906921792422
j'aime,0.3111041882368684,0.19750063523353795,0.1681396456049683,0.14295753512864473,0.12891358782311618
j'aime,0.3084252575220731,0.1967482496244647,0.1644348978932752,0.13789858308696543,0.12630141851774299
j'aime,0.3115853699337032,0.1959752627851431,0.16303685570366738,0.13562276360135347,0.12432743466449946
j'aime,0.3171185576653122,0.19784440803538836,0.16799309530008932,0.14013619523201984,0.12875913877856057
j'aime,0.32022257913926433,0.1983271100584312,0.16907662977310176,0.14113825895007326,0.13614902472212978
j'aime,0.31904128013609995,0.1925333811614646,0.1582211753493112,0.1303546945253742,0.12729801217901904
j'aime,0.32623533523183734,0.20286326002445712,0.17038575786777113,0.1411221564957039,0.13606622326210857
j'aime,0.33350054497251963,0.2098827889777009,0.1749205958956428,0.14472135435333652,0.12997354210962653
j'aime,0.33517123448764946,0.2100378972837412,0.17311237520722136,0.13623755972545282,0.12064009713997481
j'aime,0.33915259028986333,0.20973796642837084,0.17245982716190897,0.13902543615688848,0.12057204031421129
j'aime,0.3422863483452944,0.21361144022176465,0.17388350782825776,0.143015141511185,0.120276051169059
j'aime,0.34124901925693724,0.20985044002975717,0.16987059954026654,0.13584641462489438,0.1158401487370468
j'aime,0.34617695917950136,0.20549913335968364,0.16469617875231163,0.12469676977478338,0.09247468549004341
j'aime,0.34043657312146214,0.19853177882960005,0.157561522663975,0.12024980582942905,0.0952167804720882
j'aime,0.3361061868577251,0.1937299711074769,0.15292678832221976,0.11730100702881695,0.0898153609337049
j'aime,0.3316366382843077,0.19097517639408773,0.1501511152188104,0.115370837129138,0.08904924091645923
j'aime,0.3309063903457394,0.18767274098533746,0.14847013879892978,0.11258029051104881,0.08666906309746658
j'aime,0.33014312048911165,0.18696615288588983,0.14655037092278367,0.11189107600961354,0.08751594287818025
j'aime,0.32742258900259685,0.18457710702102217,0.14439025305613998,0.11114069052063603,0.08645795984229601
j'aime,0.3296781118986494,0.18850539382763315,0.1483356157984379,0.11330359212006764,0.08769635525069068
j'aime,0.3291533839270362,0.1890210200127591,0.14846034491178978,0.11600576480906534,0.09438977943712712
j'aime,0.3250960614367635,0.19000009319231584,0.15185280885292904,0.12008603752904656,0.09899183256456737
j'aime,0.3225223625918446,0.1901074348790619,0.153227079447766,0.12117440977097754,0.10019218074851498
j'aime,0.3259030156455401,0.19274855036663602,0.15717831378740518,0.12468706330650926,0.10271522017593174
j'aime,0.32877545023691,0.19480809809695707,0.15828715543472127,0.12433550332805327,0.09941732253909383
j'aime,0.3216877097658082,0.19896150548920485,0.1637624037669842,0.12832307044829036,0.1020547071437933
j'aime,0.32518398956140454,0.19491684034689216,0.1627989235587122,0.13145156569913047,0.10984990615538447
j'aime,0.3211088771510681,0.1971456096307251,0.16395653517371625,0.13188105285866017,0.10806004668202747
j'aime,0.31835695770836614,0.1939670608068729,0.1608199839642862,0.13077179242160689,0.11085466652887369
j'aime,0.31494625690145245,0.19231734369322515,0.15919028386734602,0.1310194794026346,0.11190782777348411
j'aime,0.30936936147678123,0.19041749159357374,0.1570788638525907,0.12890825083253624,0.10978081355898812
j'aime,0.3117937416621187,0.18981272466833576,0.16127691368965408,0.12931057283200473,0.10958539741250885
j'aime,0.31161718369298014,0.19155719637761104,0.16333453210821075,0.13401620855085858,0.11388631139722702
j'aime,0.3106978114704409,0.19426210836940444,0.1658021908606615,0.13746563069690357,0.1200337281921972
j'aime,0.3096255526711027,0.1947889224000011,0.16608255635903899,0.13667862437842032,0.1214493593833347
j'aime,0.3102722968137645,0.1947871072302384,0.16569637815654398,0.13681323155523623,0.12676057467679847
j'aime,0.3102200080113681,0.1952791000456262,0.16848177900904238,0.13807304027531309,0.12622157612252352
j'aime,0.31089048354547927,0.19562797677068441,0.16684212333992768,0.13731408226576788,0.12222041235907626
j'aime,0.3084342316856808,0.19321055262355935,0.16416764355645472,0.13584338140448302,0.1214720930884875
j'aime,0.29992245137362455,0.19021785599790889,0.1660910549936606,0.13577706921545704,0.11900832711987752
j'aime,0.2953594670284571,0.18712387952720852,0.16084712289596725,0.13193029960160604,0.11571325235698439
j'aime,0.28681238886764987,0.1841691861092027,0.15959401715809413,0.13213811144900364,0.1166259785329999
j'aime,0.2838111431138023,0.17989073438486033,0.1540584949124766,0.12707388569833006,0.11319468976302725
j'aime,0.28115050353249005,0.178423892256858,0.15210219370416703,0.1270314162332927,0.11245927866490504
j'aime,0.277790427058908,0.1763702883926277,0.15093797088854816,0.12768494589669585,0.11519446771507574
j'aime,0.27133505991064727,0.17429471310349617,0.1502594722940704,0.1264390779785569,0.11520600731904006
j'aime,0.2531285841684654,0.16958031629420967,0.14966359329047535,0.12931256656184376,0.12432792781476186
j'aime,0.24764373880338844,0.16342908415180352,0.14414770675948455,0.12175164212749454,0.10789110960960235
j'aime,0.24172377581661023,0.1665470161446118,0.14765182987115164,0.12353636473210759,0.10943655718077414
j'aime,0.2382609088491077,0.16194078327589845,0.14071978304022092,0.1153900682928247,0.09947087628313148
j'aime,0.2325958163816775,0.15944272256447098,0.1381275181228507,0.11363787856993526,0.09999321507274747
j'aime,0.22836575089154829,0.16046157743422026,0.13841719285770557,0.11474955556500499,0.09891166701420673
j'aime,0.22580902162198074,0.1589390449275724,0.13678131945628771,0.1136308651771174,0.1002079540972377
j'aime,0.2244471677042042,0.15728806480450447,0.13636063890909209,0.11386492176680947,0.10112285750758719
j'aime,0.2280967675456056,0.1569121074424195,0.13700374991828834,0.1139190929277842,0.09863081861987973
j'aime,0.22981746880288786,0.1604773980873797,0.14145958838842268,0.11659800007748708,0.10136552590977341
j'aime,0.2319367681471848,0.16134774811680314,0.14203414421890778,0.11747222182260614,0.10137665236744128
j'aime,0.23332747702598444,0.1625092610905447,0.14406020336687392,0.12005922461382978,0.1025466414759013
j'aime,0.23516646615667344,0.164813630199053,0.1463891730070854,0.12331689767056642,0.10259913975086206
j'aime,0.24310541519719414,0.16600649455830213,0.14722780485984685,0.12581927896728046,0.10310609267098439
j'aime,0.2483577791081381,0.17361629587467314,0.15155799139386522,0.12640756524334437,0.10151770294159822
j'aime,0.25029348394927886,0.18040524487214074,0.15671571737109202,0.12964280687089932,0.10667296747388223
j'aime,0.257121687090449,0.1817883103303409,0.16121188335659373,0.13333935992864485,0.10673105998724347
j'aime,0.26029043452134887,0.18886237669942016,0.1662831194499574,0.13561321003923388,0.10872670992761894
j'aime,0.26305995672797305,0.1960010430490232,0.17374761617309792,0.14126062686856963,0.11270402124972595
j'aime,0.266632173651164,0.18545839826099597,0.1640086383922348,0.1383502051442487,0.111661756353929
j'aime,0.27056937229510564,0.186617844052604,0.16552063114046792,0.13871235931191914,0.11294052046309992
j'aime,0.2749636490036458,0.18720684189036896,0.1658969437608542,0.13746487609771268,0.11110709263676534
j'aime,0.28882784990811894,0.18936533864848798,0.1601213404212025,0.13279846577458723,0.11071805873505539
j'aime,0.2895884124343819,0.19185796605330538,0.1639827250018295,0.13668167995083827,0.11318565475955737
j'aime,0.2942174222827809,0.19482502822170047,0.16542201756416638,0.13798143006488361,0.11295278517031498
j'aime,0.29460378790014635,0.19512345076658094,0.16746427589736462,0.13926448496545243,0.1127110423322123
j'aime,0.2973952000711232,0.1962031630357946,0.16728957683877357,0.13924499922043104,0.11167588201161707
j'aime,0.30496573861690823,0.19350820651362183,0.1624679376923012,0.13538711650442384,0.11237483903679342
j'aime,0.3093361953548938,0.19746296686176013,0.16551635456438787,0.1344537679909925,0.11061119829753784
j'aime,0.3140308234603082,0.1995794038026878,0.16687358402156444,0.13552626449189323,0.1123056995946239
j'aime,0.3195828963964613,0.19933101395550792,0.16747050085354823,0.13482184446107004,0.11005780893553638
j'aime,0.32188397506658023,0.2005297903757376,0.16912190642886626,0.13679787329078572,0.11091636433095288
j'aime,0.3226625827595826,0.20046368804704218,0.16762624673528342,0.13566585005032647,0.11135114755885912
j'aime,0.3249344273281008,0.2002438121749513,0.16700716397699908,0.13436675410816046,0.10975741941568748
j'aime,0.3279180868947115,0.20062651163336676,0.16814357679526684,0.13598195566683874,0.11204277028682534
j'aime,0.32914154582440386,0.1987510307914692,0.1653075246454755,0.1337637943871275,0.10983139758489038
j'aime,0.3313490926429606,0.19868179000646205,0.1645340498954253,0.13242464316912814,0.10849091252717832
j'aime,0.33266359177379773,0.19819612267858777,0.16453220356602863,0.1315096317530011,0.10826371442936193
j'aime,0.33350976695054885,0.19889886569387882,0.1654840282282991,0.13311566531574806,0.10923833161961115
j'aime,0.3351607927967769,0.20014740319158075,0.1663417698474252,0.13344081282844206,0.10914521024558929
j'aime,0.3356096241965895,0.1997228453976343,0.16524092064536067,0.13269182454474215,0.1086350277832049
j'aime,0.3350250981702641,0.20055581226070407,0.16501350550190205,0.13025257595428547,0.1057722978153711
j'aime,0.3386271655246632,0.2000203435675356,0.16586348419682514,0.13150815571377447,0.1076342335755332
j'aime,0.33923987078264883,0.20055201058004335,0.1656803161567167,0.13212879618967058,0.10850551052084668
j'aime,0.3407289934074477,0.2008841434346486,0.1659601864455633,0.13222148666801575,0.10756514838866137
j'aime,0.3404162346827177,0.20031722450393408,0.16592966335010265,0.13267081254141216,0.10783049828928287
j'aime,0.3392866893803729,0.19950604373529537,0.16463218437840266,0.13112933151517128,0.10648304174288806
j'aime,0.33881656658098824,0.19920383155742777,0.16491715909722615,0.13156897952317081,0.10735201729443428
j'aime,0.33741501405311847,0.19745724508501447,0.16249038204331384,0.1297176117441967,0.10671089305342692
j'aime,0.33718662183269404,0.19664026688464303,0.1614224386132091,0.12949405007265308,0.10676010961176213
j'aime,0.33708802790615455,0.19660295441628978,0.1616836594163948,0.12897455639016556,0.10656533012469271
j'aime,0.33720224647368896,0.19707154863253504,0.16207759136325287,0.12940455409124377,0.10710328843481769
j'aime,0.33745996946245305,0.19714161746717024,0.1625161060939559,0.12991909144818858,0.10775013595610493
j'aime,0.3376492058362045,0.19755328720126653,0.16287837031698765,0.12966970803789304,0.10660802831229016
j'aime,0.3365527351411793,0.19584283437862,0.16053695836175008,0.12827604776468493,0.10575697367497852
j'aime,0.3355517359662081,0.19626522233879765,0.16091352270531598,0.12864203029393825,0.10606951501862853
j'aime,0.33669368878918965,0.19591861940046554,0.1607362266021127,0.12800304623145678,0.10504256540259488
j'aime,0.33681762106581525,0.19654717039913588,0.16154321399507623,0.12901440067212933,0.10653296410092594
j'aime,0.33799802294457254,0.19810536936108228,0.16295065421325636,0.13006045549974388,0.10683650837512786
j'aime,0.3370537242009451,0.1981314576291965,0.16268342880401507,0.12948002374534623,0.10622248636652308
j'aime,0.33734232347893556,0.19741815051455372,0.16217025609243785,0.12910836760941724,0.10666253514521841
j'aime,0.33540380104058043,0.19675344722927807,0.15963748995999616,0.12601876779490773,0.10401866219635447
j'aime,0.3327690993961747,0.1950216795576241,0.15896351447409235,0.1264147520111853,0.10614691448440548
j'aime,0.3337950918080389,0.19324020681443035,0.15869101457367002,0.12728045724998469,0.10656577169376127
