play/pause,0.3491368556851167,0.39386548601028143,0.3740395658510004,0.3377618812422094,0.1770409050010096
play/pause,0.34712749311668933,0.43410205611235414,0.4178433577446747,0.39051039995503944,0.20464934638144874
play/pause,0.3137565419211126,0.4677610676423822,0.47568697636158824,0.49231300683104534,0.40443022813271023
play/pause,0.3404023191060496,0.5050971119339068,0.5379308871980933,0.5356388242254896,0.44799245271759885
play/pause,0.44108974938664713,0.5416599200861073,0.5515754899576111,0.5758491853772587,0.5457156996530064
play/pause,0.4218840566713195,0.6022424507560474,0.6252889273930885,0.612040514525169,0.5623838172223663
play/pause,0.4081454128399829,0.6277668533763809,0.6746735149199492,0.6462973931839848,0.5625005288754213
play/pause,0.4169289660932788,0.6302229629935159,0.6716628854529679,0.6425383891950752,0.5581531648248051
play/pause,0.41071776408760075,0.6322752597295611,0.669049242848176,0.6376925404423553,0.5606282775471771
play/pause,0.4057866835791242,0.6243937158977813,0.6625474394324137,0.6325090225547564,0.5540576055408499
play/pause,0.4056109403322952,0.6235606038666202,0.6610568015743449,0.6302776548216956,0.5517165256828467
play/pause,0.3881478775050167,0.6093255087547005,0.6434974483869736,0.6151033622119249,0.5420149808502687
play/pause,0.38248952553038623,0.6005577127584593,0.637160353062,0.6102249361830804,0.535605679724936
play/pause,0.37766295955517487,0.5983250778033727,0.6356013088688224,0.607894668326592,0.5355366668848159
play/pause,0.37697980564002503,0.5980852147789264,0.6323458652026829,0.6080580845517416,0.5335511510384549
play/pause,0.37821493664148675,0.596259570196349,0.630959589627782,0.6061290624635552,0.5313743920622873
play/pause,0.37889088745391936,0.5953533177503612,0.6312222375163137,0.6045447322249511,0.5317837555305193
play/pause,0.37814717323027747,0.5962265992206932,0.630732677895229,0.6025289538954555,0.5310033934509294
play/pause,0.3733990517614633,0.5926598949929196,0.6285053282071591,0.6026086246520458,0.5291432685272263
play/pause,0.37397940813769637,0.5923783494355885,0.628239653527125,0.6007531301149082,0.5288615465936083
play/pause,0.3729764175185191,0.5924051331590207,0.6286115979730196,0.6008045302818152,0.5286373557374126
play/pause,0.37310582470670095,0.5931555714149566,0.6285941374559011,0.6012968677493559,0.528386366644933
play/pause,0.370200642203568,0.590087403145839,0.6264388692198997,0.5991062439886278,0.5268909471578987
play/pause,0.3700535148761741,0.5892299633887375,0.628372627337365,0.59940065181291,0.5272312629261922
play/pause,0.3693565993576102,0.5895869895352702,0.6286269877372197,0.5999074754412381,0.5265648005091402
play/pause,0.36945967183075495,0.5881285691709798,0.6276266034569266,0.6019677492945148,0.5271533855752613
play/pause,0.3677454822639663,0.5880189958274548,0.628414203851979,0.6011369102778783,0.5277812363965061
play/pause,0.3690741843446827,0.5880960309979641,0.6294608795879987,0.6027773527499517,0.5280064555255874
play/pause,0.3683094257899086,0.5881870317883788,0.6299510999809722,0.6021006684441833,0.5264635683348491
play/pause,0.3689557074303005,0.5891930012014249,0.6304208578955137,0.6037075913071835,0.5279540678322109
play/pause,0.3696941087139023,0.5894164468126163,0.6302552022762703,0.6045760799467669,0.5280813328367044
play/pause,0.37060514877050604,0.5895445931942233,0.6292116080302527,0.6037876733415497,0.5285970965293898
play/pause,0.3704089257662451,0.5809712381088351,0.6248019237317677,0.60081725342987,0.5252608181450553
play/pause,0.36857505090045406,0.5786885779002979,0.6233174964874088,0.5998225750889241,0.5239643152020279
play/pause,0.3670462166031953,0.5785364228921394,0.6210402008492092,0.5973271495108392,0.5213731749375701
play/pause,0.3657916901854955,0.5771031140801937,0.6176816078714084,0.5939000083834163,0.51862269386659
play/pause,0.35394744180647847,0.5583174846499549,0.6009595900320237,0.5786539969202137,0.5044258489790395
play/pause,0.3492318679718729,0.5471526412091853,0.5895079494882282,0.5665935727320981,0.49306874516724364
play/pause,0.34291742599906516,0.536813887136383,0.5782024910223491,0.5556435717481487,0.4838365550637837
play/pause,0.3387039434393033,0.5292005101559673,0.5675178435468163,0.5459769037992218,0.477418264249483
play/pause,0.33045556366058404,0.5151986744098153,0.5548970002626574,0.5324974363844613,0.4651038972830134
play/pause,0.322421349284862,0.5029737972136766,0.5421367701658895,0.5187177885582386,0.4542650663474405
play/pause,0.3155060487022335,0.4950458449619161,0.5346587877167367,0.510207514079847,0.4465287195519421
play/pause,0.297547113510073,0.46767959461325226,0.5039563749425795,0.47942795492097645,0.4195487654300029
play/pause,0.29330709146229306,0.45643277997783727,0.4912452586180707,0.46814152691604277,0.4092351217915861
play/pause,0.28875365757921556,0.44974714295197327,0.48258017846172857,0.4597131146187942,0.40398825752734
play/pause,0.283875019417518,0.44252838224037416,0.4763947382867813,0.4534658170352326,0.3994468394257932
play/pause,0.2803728909630981,0.43615281250980015,0.4687345317275437,0.4463652054421166,0.3927770268232337
play/pause,0.2769476662952638,0.4331797854844447,0.46391125119657267,0.441694420176581,0.3876323833250256
play/pause,0.2731694032154967,0.42768374796831227,0.45875321998098273,0.43636187763035605,0.3825247177785863
play/pause,0.26465626316036306,0.4121739147496685,0.44075514492597706,0.42163489276854277,0.3683153494026158
play/pause,0.2588457744056102,0.40340485232493833,0.43356790303448833,0.41494294108181756,0.364484776179669
play/pause,0.25533891473108367,0.39970353174050893,0.42869827457847587,0.4092434752407136,0.3606954310950621
play/pause,0.25360396258109513,0.39643028684208614,0.42426565639628777,0.4052650738094213,0.35679826368208556
play/pause,0.2515252968948731,0.3933416445204771,0.42087209743987375,0.4019390505173254,0.353697914272097
play/pause,0.24919868793567518,0.3906509551398367,0.4177942017198145,0.3990374058107165,0.3509454199782961
play/pause,0.2475651408900341,0.3885219955793865,0.41539708832001176,0.3965551090335035,0.34952083383370824
play/pause,0.2412494404949026,0.38123848360169066,0.40644103543426763,0.3910787995712875,0.34343825022707025
play/pause,0.2407621001587383,0.3773387939461541,0.40208639983220024,0.38624323942301675,0.34019723874150964
play/pause,0.2390367082260363,0.3774573658183379,0.4024606703556842,0.3866696449944437,0.339885657925162
play/pause,0.2374326954274744,0.3737366598410875,0.39854358901719966,0.3838401181917302,0.338099855584472
play/pause,0.2360949234413604,0.37246989036818384,0.3973327645291211,0.38171206498249877,0.3364542021475239
play/pause,0.23534960799749916,0.3710807510343535,0.3959819476640452,0.3804758558756591,0.33506539566496396
play/pause,0.23544163042350813,0.3706400973042265,0.39623252801877284,0.3804513149925731,0.3355722521571828
play/pause,0.2346321788249607,0.37077251967729946,0.39676007143754666,0.3812773709881463,0.3353414920147477
play/pause,0.23397486316257077,0.36866578058526084,0.39698423435300007,0.38014057713966987,0.33477478724451737
play/pause,0.23531887533175164,0.3723152293835904,0.40130207050692845,0.3816288987312157,0.33528340510910726
play/pause,0.23657730633200624,0.3774228898071388,0.4043177648051524,0.38340783953833824,0.3383672755690175
play/pause,0.23913994845269948,0.3820473130727845,0.40893119689318586,0.3883482284572163,0.3424391830087052
play/pause,0.2430074961919202,0.38368085652756456,0.40970854170005705,0.38806355736922693,0.3426277198907945
play/pause,0.24640712586523364,0.38699783931586507,0.41344112365993063,0.39149218817470866,0.3446343536205589
play/pause,0.2487543364214806,0.3891967949426016,0.41670623471073753,0.3946298354104851,0.3472552352805067
play/pause,0.2474384739398492,0.39335216242328114,0.41925702200047893,0.40183476180461475,0.3509425305390371
play/pause,0.24968885438853425,0.3947739723047446,0.42049234966949833,0.3983683176633397,0.35280456622699574
play/pause,0.2489035476829519,0.39350014431312025,0.420159517439873,0.39751158145956994,0.3515717947994224
play/pause,0.2479534307464522,0.3928522624688882,0.4202851586959173,0.39814778156357405,0.35284623963126077
play/pause,0.24720721553441277,0.39169101658238614,0.4195585591326179,0.39944778265825437,0.35334593395696623
play/pause,0.2456443085179119,0.3914732305031643,0.4200217743468589,0.39902936882157414,0.3545377675547259
play/pause,0.2466413703094758,0.39205150931020966,0.41989797935524376,0.3988997123567393,0.35543837179576754
play/pause,0.24470632678765747,0.39131589344969414,0.42034091016374725,0.4001136693892583,0.35469244237013964
play/pause,0.24603834437900135,0.39150139924471755,0.41976380754977377,0.39891992515542696,0.35432224272055474
play/pause,0.24306422537679456,0.3881317002828559,0.41834518194965864,0.39784417374932174,0.3555516651115291
play/pause,0.24471783737573746,0.38829238982981096,0.4174517084943522,0.39791666550608795,0.3538496429539796
play/pause,0.24478548656539825,0.3873896571246,0.4171872320795903,0.39644423440770776,0.3515659299328723
play/pause,0.24501288310116556,0.38882850449359874,0.4172268749890481,0.39663941761815763,0.3528693470691084
play/pause,0.24629954509998592,0.3902280779442619,0.41884949494217866,0.39908567687862223,0.35403476601415645
play/pause,0.24935720251680102,0.3949442601359683,0.4215403493105833,0.40033536900028316,0.35494662554289286
play/pause,0.24976470493408648,0.3933636752089878,0.4202345547206433,0.39996691208768526,0.3517114927294447
play/pause,0.2500752114882276,0.39444789973760186,0.4206883719150663,0.4001780532828327,0.3527660963732535
play/pause,0.25064266815314956,0.39439165201303056,0.42083858002742075,0.3987227774579354,0.35150160409375725
play/pause,0.24979326483521475,0.3947614969895064,0.42031752215434925,0.3978893876559325,0.35191643938423545
play/pause,0.24961215873344358,0.39471250000427205,0.4200978589051066,0.39741218191238,0.35072500516856325
play/pause,0.25235881431987955,0.39992834133751703,0.42315177202559584,0.40168018756543705,0.35234876526761416
play/pause,0.25207391523026884,0.3984301784762649,0.42397687208838086,0.39953255829098744,0.3495164292085161
play/pause,0.2525757625489284,0.3991737906861656,0.42390305234584774,0.399188767039189,0.34971406681842726
play/pause,0.2528142784502309,0.39921557823419596,0.4240932255689174,0.3999396972645153,0.350190411151397
play/pause,0.25289925252426393,0.40017884934482917,0.424481867374927,0.4004179144406552,0.3507812795325497
play/pause,0.2531661514006335,0.40128183231891673,0.4256989273982312,0.4014706003303563,0.35130373426823674
play/pause,0.2530393242136454,0.40110912474230354,0.4259196035785942,0.40076334113638046,0.34971075115888417
play/pause,0.2525520947863199,0.40096638157886483,0.4256279716648496,0.40087137071165685,0.35083298566206256
play/pause,0.25304628720063077,0.4013987409877016,0.4263169183607213,0.4007336780369688,0.3511634099566028
play/pause,0.2532215644039834,0.4019872982810575,0.4264467193594868,0.4016694720790665,0.35170830127666974
play/pause,0.253483778184784,0.40131960278699785,0.4266096693172048,0.40153839085642073,0.3515312901272703
play/pause,0.25355430977636223,0.4017494993703066,0.42667756357743664,0.401731610431216,0.35140454846441566
play/pause,0.2531507959745758,0.4008064858405043,0.4258218888121014,0.4017521629037082,0.3509796826990537
play/pause,0.25201615081737705,0.40124466683336285,0.4254461457617747,0.4012260034931236,0.3506383942706855
play/pause,0.25027421487694923,0.3983905642163349,0.42457198376321975,0.4019256939304206,0.3506814194589574
play/pause,0.24890920228043714,0.3961423898667797,0.4227302464823242,0.3993668271143881,0.3490189126312078
play/pause,0.24957557673257738,0.3968525758809937,0.42256099826895377,0.39868126792317465,0.3481545446895128
play/pause,0.24959467839394267,0.39588389236678967,0.4222362567210586,0.3996526350780108,0.3494818588993721
play/pause,0.2481534950281765,0.3956684081977322,0.4203821518217365,0.39717412343370595,0.34563299172682355
play/pause,0.2488076568176464,0.39542600500026986,0.41945747841730446,0.3967113231121863,0.3474032807062009
play/pause,0.24863535631348965,0.39628955261830157,0.42090187795704154,0.396890063067283,0.3464188951782265
play/pause,0.24939373437569742,0.3964968408173955,0.42110517244371587,0.397295333310636,0.34637145750803894
play/pause,0.2495297298370779,0.3963517956013404,0.4212013876793708,0.3975435642166854,0.3462039957970414
play/pause,0.2507057105545549,0.3963531727589228,0.42147190672254425,0.39718338613886467,0.34659353054480807
play/pause,0.24979508570717215,0.39621616112633157,0.4206580457258719,0.39677251334442803,0.3465191896594345
play/pause,0.24931036020544817,0.39584269347055817,0.4209723119627591,0.397033031102171,0.346648169335485
play/pause,0.2493334619317813,0.396364107917288,0.421072175804682,0.3974097398608277,0.34661629171559927
play/pause,0.24985946461314928,0.39663971656622693,0.4218947215121662,0.3980394448340657,0.3469398472472416
play/pause,0.250404078886342,0.39732794481930034,0.42179551606664045,0.39842320692452915,0.3470596850909226
play/pause,0.2503745016115931,0.3970568215810466,0.4219807725463903,0.39895839367403035,0.3469101473067658
play/pause,0.2495712220206069,0.39697272412021634,0.42152090007550513,0.3983840233929814,0.34733703321926346
play/pause,0.24999403762555225,0.3962105723160427,0.42274416727579933,0.39965078581662605,0.3485394533125478
play/pause,0.2509688702697751,0.40000606830018426,0.42426658540427264,0.4008384728288472,0.3484082334693216
play/pause,0.2505314867111171,0.398052570411799,0.4245576060063273,0.40037619712829253,0.34700995855583305
play/pause,0.2508271269408612,0.39928885244670675,0.4260500842074306,0.40208352897453875,0.34927870062062916
play/pause,0.250951082402496,0.3990227498101021,0.4257997624330297,0.4018526542489826,0.3494191293432147
play/pause,0.2505170310349464,0.3993214594147338,0.4266974634702404,0.4024809553922337,0.35027343874558714
play/pause,0.2508907478803668,0.40134717957475247,0.42721451383783726,0.40695169810917214,0.35373993354719524
play/pause,0.2474258621099178,0.3961466497637884,0.42548454919403206,0.402869628560333,0.3518374500597853
play/pause,0.2456020028061042,0.39600886677769825,0.4244978814198074,0.4014786948901985,0.351320811148845
play/pause,0.24488570003076698,0.394979647284607,0.42414315951459897,0.4022987314901974,0.35293798864595133
play/pause,0.24486985132380934,0.3957028059511872,0.4246512446874896,0.4033554953060132,0.3534075255502401
play/pause,0.2446865504793386,0.39696064399993286,0.4259207828943415,0.40493013232315644,0.35462059686875885
play/pause,0.2470388685678003,0.3963509593512046,0.42588349333061476,0.40627111397504956,0.35834705529667643
play/pause,0.24660793961315813,0.39968382857849816,0.4278098205627208,0.40940200706883295,0.359448014210898
play/pause,0.24004578760175208,0.3942746094390744,0.42356514152278757,0.40590112530467937,0.35762288487505894
play/pause,0.24281404978137708,0.3927955147662834,0.42268479219571886,0.40629304529404814,0.3582098856926368
play/pause,0.241791919782848,0.39460206462579805,0.4228200716547533,0.4068785811186576,0.35786193933732147
play/pause,0.240516959648157,0.38921736330192475,0.4210305434652326,0.40479479413613945,0.3571832824638279
play/pause,0.23861522564249096,0.3889968023404609,0.42132089097352404,0.4054916461913941,0.3573150298251802
play/pause,0.24279022939531775,0.3900862964722689,0.4231210520019015,0.4065260652382573,0.35811839124763845
play/pause,0.23925076813223617,0.3927743311931761,0.42175990867866847,0.40521729529832323,0.3567692505543408
play/pause,0.23719344767558617,0.3840971846880471,0.41716626860800354,0.4006030340697355,0.3536736336583815
play/pause,0.2358363479996638,0.38310456211276406,0.41541038993548074,0.39980119632540917,0.35402414350778383
play/pause,0.2364217079931894,0.38275368123074305,0.41400384380810445,0.39939239080820754,0.35364259431817985
play/pause,0.23524370313479273,0.3802293904036967,0.4125153453214452,0.3979013871595471,0.35245430420321383
play/pause,0.23494512090968384,0.3802195316555847,0.41319435115405584,0.3997434824373729,0.35319480655247365
play/pause,0.2356862555583206,0.3813300134872642,0.41457825948124344,0.3997435159919784,0.35322803154690163
play/pause,0.23299729271249872,0.3803518169285932,0.41391663290910363,0.3994120830396631,0.35233838527943845
play/pause,0.23274222303100964,0.3809420514297084,0.4137781719023758,0.3991215536560922,0.3535546403969312
play/pause,0.23223711383161696,0.3814099395074647,0.41229020426242524,0.3997724633602787,0.3546266555285337
play/pause,0.22648536405808772,0.37804745872127987,0.40949105281871306,0.3940211625547317,0.34921880936803323
play/pause,0.22649467978263002,0.3758948249644729,0.40846177656125043,0.39268507269121083,0.3487014376587684
play/pause,0.2254064016877419,0.3739909180513118,0.4064690182771084,0.389731318803663,0.34524239067758883
play/pause,0.22572234424643453,0.3753475106586668,0.40664684947653545,0.39011134967571937,0.3439706583386549
play/pause,0.22117475502484077,0.37051808501430156,0.4014332404140817,0.38413100138876927,0.34136551676324406
play/pause,0.22037144445001033,0.3677957680125888,0.3995281946457835,0.3803330878017481,0.33899136002227725
play/pause,0.21619479446425835,0.3604595191639284,0.38830632766817463,0.3723253760557888,0.33197320873415065
play/pause,0.2187108131824252,0.35961093639617936,0.386859036322563,0.37137195573018145,0.32975131149961623
play/pause,0.2164338329946057,0.3555236540408815,0.3822818464020008,0.3678984436930047,0.32504363849160517
play/pause,0.21458540855213187,0.3523135900079939,0.379877993792507,0.36356061031331355,0.3213979162312995
play/pause,0.21258168165499652,0.3481889519872667,0.3763167125218174,0.35965850971053015,0.3174509049471166
play/pause,0.2125699926789889,0.343763397253461,0.3703508540143865,0.35499716763266276,0.3130724938819579
play/pause,0.20967043671615151,0.3350457469212691,0.36073841330898,0.3461240274642526,0.3025888805144217
play/pause,0.20296661786742315,0.327684130153949,0.349925873104207,0.33419938350465644,0.29294578893365675
play/pause,0.20478484860634605,0.3214257152388633,0.3451474792728631,0.3276444706592069,0.2886582498566655
play/pause,0.2029010158758958,0.3192775016900212,0.34082105551565045,0.32413707930442487,0.28420204286003864
play/pause,0.20212105918453652,0.3168964954909934,0.3383594660011445,0.3203159585855263,0.28231313021053306
play/pause,0.19986902512870178,0.3129940129464411,0.33512947399023096,0.3183100323099785,0.27980796806205477
play/pause,0.19793693673794419,0.31056649336155445,0.3313453779740739,0.3142235403919392,0.2764685307264802
play/pause,0.19411968729903398,0.3031990508519189,0.3211776066162766,0.30449273012381806,0.2687873747689499
play/pause,0.18780524756273645,0.29504553192637106,0.315844826588056,0.2996270339083815,0.2637118970331089
play/pause,0.18722352384941937,0.2934716140926894,0.3137607494158178,0.29815017861656784,0.2631314381688482
play/pause,0.18465576320047147,0.29116946001802635,0.3109305856380612,0.29593463966037675,0.2620374489300515
play/pause,0.18371843492617443,0.2894556335734656,0.3094659285012005,0.2949535844306085,0.2614298311766354
play/pause,0.18411763182935137,0.2903952988813868,0.30940787425363825,0.29479301838260075,0.26118925863540815
play/pause,0.18189016187577975,0.2893149541174942,0.3081453431460946,0.29340319648302327,0.2595808608304884
play/pause,0.1817151341305103,0.28558793123781406,0.305639443522678,0.292139219374087,0.25777452847273014
play/pause,0.1811197366205041,0.2855714162428304,0.3067855470014356,0.2919114831838848,0.2580142281983655
play/pause,0.18104870550974198,0.2863677426588917,0.3080650924242483,0.29268703609902585,0.25793099816879783
play/pause,0.18090956411425407,0.28604759663327434,0.308532302911044,0.29252490706781287,0.25827809269928315
play/pause,0.18087526267274542,0.286105827323998,0.3080086225053625,0.29290130635053635,0.2589041638751511
play/pause,0.18099303523617163,0.2872319036290212,0.3100722270552303,0.2935667503745955,0.259006979780438
play/pause,0.1860183707182326,0.294955909588123,0.31583964684518434,0.301187259227371,0.2670266617596064
play/pause,0.18826220351550993,0.29861061061798005,0.3192817484906025,0.30383970324073245,0.2683113731441395
play/pause,0.18839952382072653,0.3018403415529979,0.3226489421007599,0.3077322902805493,0.2721777590696666
play/pause,0.19004272204517406,0.3048121561240334,0.32485374152346425,0.3085127003678155,0.27464588745954494
play/pause,0.19349094267786904,0.3082897229091098,0.3289964514568102,0.3135234282400757,0.27761169373074845
play/pause,0.19644699385270467,0.3117044166287616,0.33223324678481764,0.3180813860662895,0.2815060932802164
play/pause,0.19663424191726647,0.3154554872822771,0.3361791914287486,0.3214597806803588,0.2845672558768507
play/pause,0.19868480197562624,0.31895385796156894,0.34055961627723774,0.3262073414263382,0.28839395728402867
play/pause,0.20011468338659427,0.3208732249483016,0.3432092581827153,0.3277407178599792,0.2909555193288138
play/pause,0.2106186124123038,0.33502029413284395,0.3592335341077716,0.34561328140758557,0.30932118831965527
play/pause,0.21310781954287752,0.3393100507420442,0.3631286396081241,0.34833913454082815,0.30998726791455483
play/pause,0.21302054659192568,0.33812912622196706,0.36380054844228976,0.34666666116804257,0.31008278577241605
play/pause,0.21648975321316627,0.3454419586055877,0.3698514020617862,0.3538742051183713,0.3153179315098386
play/pause,0.21882374778592042,0.3502962768201003,0.37445003272987354,0.358991113312599,0.31977597443568695
play/pause,0.226550050735167,0.36152036212935107,0.3863119906043839,0.37073369960841557,0.3299748466061891
play/pause,0.23742916491063018,0.3786293797842347,0.4085475888810503,0.39093574655101243,0.34640036124517204
play/pause,0.24283921761249425,0.38705933401916487,0.41698875151299225,0.3991959739708912,0.3523169376191796
play/pause,0.24813443979673233,0.39374515893612433,0.4257592524491493,0.40709137856998345,0.35914935438320394
play/pause,0.2551302243091233,0.4023855455062361,0.43451314559378557,0.4151307208667859,0.36765467279643993
play/pause,0.26148785598970153,0.41202717126349053,0.44347733666057226,0.4242681498742075,0.37571303618486807
play/pause,0.2665926642586991,0.41992630848729356,0.4501033631479728,0.43217072871419265,0.3842806626147251
play/pause,0.27194183724990395,0.4276331549972642,0.46115768950297176,0.44139988393673324,0.39161286058681966
play/pause,0.2895852916197228,0.4534970745244818,0.4879715789230845,0.46862238031653747,0.4139651207280385
play/pause,0.296160584448222,0.45976085270328326,0.49605383994356655,0.4768760512791643,0.4188707442447827
play/pause,0.30233755281665364,0.4687592224548025,0.504731880980049,0.48318700733226944,0.4255674499631814
play/pause,0.3056669371408527,0.47379663749000883,0.5109039702032301,0.4908560331471621,0.4314932492556508
play/pause,0.3098909944027893,0.4800074499008805,0.5171090358564905,0.4997707592530368,0.4370189071122658
play/pause,0.3129829710854391,0.48281368412909725,0.5226979443723178,0.5060432819684486,0.43979527682073627
play/pause,0.32038872539447943,0.49396840464356734,0.533988268789075,0.5128925305881915,0.4477168725903731
play/pause,0.32142732517659356,0.4915663442658966,0.532812428838993,0.5094854711919897,0.4454986610052593
play/pause,0.32241614262535434,0.4933467391031784,0.5356223890204672,0.511491764871123,0.4475608794613123
play/pause,0.32397415029381393,0.495619148040132,0.5395119572386295,0.5130295410538388,0.44894953309155117
play/pause,0.32460120454679053,0.4973904480030842,0.5421775569455262,0.5142089371390962,0.449898551536135
play/pause,0.3256779550602144,0.4980288067823917,0.5410759930723291,0.5148794703175641,0.4511768082668438
play/pause,0.3261270712482824,0.4999521820047704,0.5413938303246889,0.521385676732128,0.45631868498532746
play/pause,0.3260266981209485,0.5006658945193885,0.5407154105374393,0.5241718616880741,0.4596536344194538
play/pause,0.3275513863223676,0.5021478178032202,0.5412002334871727,0.5252128196018924,0.46137169725967564
play/pause,0.3283342727893525,0.5023308184763037,0.5400088753725532,0.5239557548589778,0.4644281348797101
play/pause,0.3251926745847991,0.4975931340406329,0.5360371070810787,0.5221369257409801,0.4648317045870357
play/pause,0.32201827287412027,0.4947215795707149,0.5302162003784837,0.5154070375891081,0.4633527833737969
play/pause,0.3114307226647679,0.4805686005021324,0.5221679363623601,0.5093302011528134,0.4557711429341861
play/pause,0.30429269364457956,0.471791760512453,0.5152080435651994,0.5032716343294555,0.4511308423835991
play/pause,0.2988442503657067,0.4676512309778805,0.5106476965716849,0.49932821737961064,0.45004517238567093
play/pause,0.29541572395700744,0.46490264947355053,0.50917863139773,0.4988610459951639,0.4471109780278619
play/pause,0.29416098266924373,0.46528119105526694,0.5115643970005841,0.5009099590849917,0.4514082409433721
play/pause,0.29355183024089626,0.4652502704006027,0.5111864464669124,0.4996451123030175,0.45139347695414656
play/pause,0.2909685372308782,0.4645650410029124,0.5100939077569705,0.49995621960336367,0.4507143479669198
play/pause,0.28896114546926494,0.46454063158108333,0.5127302422602916,0.5033475676691934,0.45371457002535653
play/pause,0.29156139550303023,0.4659222500831151,0.5127985315174677,0.503446379487935,0.45336654459259984
play/pause,0.29677984713554034,0.4624216566591436,0.51087403643769,0.49880773643133564,0.4491341144242338
play/pause,0.2926999768638038,0.45464807627868964,0.5062939372990383,0.4930810561996325,0.4449233448742918
play/pause,0.2925811049943218,0.45399811525277384,0.505104838647797,0.49142566056333853,0.4421349303365384
play/pause,0.29183334075134887,0.4528804612469114,0.504838627213756,0.49014000904725796,0.44059405694831677
play/pause,0.2918982272195432,0.4555447661184484,0.5078805876979963,0.4930781035446391,0.4435076575265512
play/pause,0.2904882928987298,0.45356716597327307,0.5065660605581825,0.4924881534568003,0.4427623984417924
play/pause,0.2901580024904369,0.45579072043612767,0.509298210261745,0.4947203105269155,0.4445029689706185
play/pause,0.2864317452243108,0.4576846700451739,0.508215760790267,0.49276276998231683,0.44317502155212535
play/pause,0.2836077199032791,0.45546004209896984,0.507492842843356,0.4949257144060867,0.4421161817232082
play/pause,0.28558318173715935,0.4583854843627433,0.50859772056811,0.4948610688504494,0.44380742542391804
play/pause,0.28283794601844714,0.4607951745214217,0.5117104093171717,0.4979039121032342,0.44485579302085804
play/pause,0.2816435982965691,0.4621080587978419,0.5124262302026458,0.49742782289795695,0.4445637123610239
play/pause,0.28399268288299756,0.46391318416518007,0.5153600017107016,0.49898670075590346,0.4451048026292907
play/pause,0.28847954968070205,0.46595297214997083,0.5144933276996216,0.496861507595968,0.4415555265956942
play/pause,0.2908165405778516,0.46404630534046576,0.5122220572835934,0.49406904081364256,0.438930006903214
play/pause,0.29323687779120516,0.46434155446837977,0.5124802454133564,0.4931666896972012,0.43039576574867244
play/pause,0.2911411402781982,0.465902885593819,0.5059443036291539,0.4870193222473694,0.4292780136358785
play/pause,0.29223149389781383,0.4658649802464001,0.5068370530266748,0.487431694031265,0.4295777539185499
play/pause,0.2934154457451017,0.46491480313683375,0.5069244081395747,0.4871185666784296,0.42826248523651067
play/pause,0.29414561840647935,0.46494049591417314,0.5048120459804064,0.48502037148547833,0.42646967688394494
play/pause,0.2943517758721951,0.46102876852990304,0.5033251589405638,0.4806923661292626,0.4233930736801367
play/pause,0.30444825732811054,0.46207467144686337,0.5002805409067701,0.4787537401057013,0.42126328687651726
play/pause,0.2941938925817402,0.45398081875344254,0.48998238750881934,0.4713205727522212,0.41453592273067497
play/pause,0.28453718796914323,0.4490525246076267,0.4838156645474375,0.4658420789587424,0.41032325220042887
play/pause,0.2851699940865255,0.44521903515465727,0.4822832179612256,0.4641277088444228,0.4087801739456792
play/pause,0.2886303466996291,0.4464746369564314,0.4840517769378309,0.4647315953676632,0.40834002997575497
play/pause,0.2810549597439922,0.4433736351937458,0.48032807454990806,0.46060006490027067,0.4052032548279506
play/pause,0.28356503687202333,0.4420966196664362,0.47981418464234243,0.4608588729637552,0.40495849732570255
play/pause,0.2816171863894935,0.43938983893811934,0.4775095342692169,0.45851517606767145,0.4032272153705981
play/pause,0.28083259587925546,0.4422430108003223,0.4793372269161622,0.4578360203071255,0.40186891891589266
play/pause,0.28299750306745075,0.44012183894874873,0.4775631647823545,0.45829128436618877,0.40236785472284786
play/pause,0.2809354219341305,0.44045533231857004,0.47652298457728237,0.45797795081518816,0.4026410749002246
play/pause,0.2798746887397351,0.4406046943458585,0.4768434556418121,0.45863147185558717,0.40354331531917237
play/pause,0.2760017532242252,0.4394772302376217,0.4765861621830374,0.4584952833351944,0.4028870336008126
play/pause,0.2753372790434988,0.4393017894732233,0.47552971630206153,0.45931969668448047,0.4035860149988349
play/pause,0.2793906720120687,0.44347273562467693,0.47769152492167033,0.46180775143184405,0.4086658705495356
play/pause,0.27078912323581655,0.4406488500978384,0.4781757812326071,0.466017858204876,0.4118912337104444
play/pause,0.2712105812736045,0.43991810935487,0.47666967082678985,0.46416722442717934,0.4098299631193679
play/pause,0.2717036805637691,0.4429500877742615,0.4818613318369917,0.46900852611358695,0.4166728786430598
play/pause,0.26717046616784373,0.43922533631877964,0.48400695244234293,0.4700314566401746,0.41749649090254964
play/pause,0.27401419836358304,0.44496026210832196,0.48588587048828324,0.4748659439750289,0.42080414759276163
play/pause,0.2749535613494525,0.4477902019678877,0.49076076879953207,0.4845467968551039,0.42968120273697574
play/pause,0.26430857820395787,0.4369460004395605,0.4808021147829185,0.47088660631739043,0.4190237938747894
play/pause,0.2715285261137649,0.43251547855625033,0.47651159162003975,0.46623422528727815,0.4160916723887303
play/pause,0.2574912150520794,0.4228410084647395,0.4671524695136524,0.4592381956398898,0.40899305265321384
play/pause,0.25346982307881927,0.4128078735928588,0.46141230658446725,0.45241171726859997,0.4038616489321085
play/pause,0.2487993872008012,0.4068604412826618,0.4580542120131938,0.4471354049400824,0.40054098005081346
play/pause,0.25231991985110735,0.42346335094986903,0.46504333282658217,0.45782990113952043,0.40599004623088275
play/pause,0.2537668871802611,0.4183763659659807,0.4632640555034026,0.45295818447781494,0.4000607906699011
play/pause,0.25504217669615153,0.4244181858199085,0.467651286679362,0.4568153921778389,0.40535896805844085
play/pause,0.2624433190743996,0.42890485649474236,0.4770926278639238,0.46277011868333023,0.41253663845457417
play/pause,0.26745443668138624,0.43613317807783486,0.4818989064740186,0.4674631139820787,0.41704070368687995
play/pause,0.2696483035634857,0.43116150691201,0.47474142117465173,0.46304141935632026,0.412571104658247
play/pause,0.2667600672800437,0.4278812126277726,0.46815779645169675,0.4546662148179894,0.40330193062894876
play/pause,0.27783205121617965,0.43401875827179526,0.465509762822341,0.45051791734242913,0.3958539560739579
play/pause,0.2709496143963788,0.43077137312731933,0.4616520510884312,0.44736990934109444,0.3931852917132328
play/pause,0.27195443465405444,0.4290677897994182,0.46293394906307794,0.44675945441207754,0.3928716185924861
play/pause,0.2683952664278096,0.42775124548557597,0.4616623128905054,0.4429269957068606,0.38959263453428894
play/pause,0.2704744834066072,0.43162298189524806,0.4633877322591413,0.4444410845020866,0.38926849488039916
play/pause,0.2836335056877723,0.43632436159798144,0.4672041634212184,0.4507662168078787,0.3888314553516593
play/pause,0.2881912172483326,0.4375089795402811,0.46787994619735623,0.4473069101251137,0.3883233377116715
play/pause,0.2881148976941863,0.43771821715171366,0.46785013361280575,0.44627244082410783,0.3886614877958884
play/pause,0.2844780270263759,0.4349539987105186,0.4650126049872468,0.4415547953594883,0.38598004900572225
play/pause,0.2804999566912859,0.4331546214790594,0.4645489069219218,0.44108216931156596,0.3853061368327873
play/pause,0.2810133377381189,0.435353483113241,0.4656388649077206,0.44099291491133025,0.38392460838150083
play/pause,0.28870176224070876,0.44042613647480583,0.46837681706842704,0.44643141172717044,0.3889577529025415
play/pause,0.2869322615577378,0.44361733115545227,0.46913514733180234,0.4487726694421557,0.3890147590157623
play/pause,0.28767171002366443,0.43847782996008544,0.4658905054318095,0.4410921193743816,0.3837638834387097
play/pause,0.28832978424130123,0.4381953019407522,0.4656573986452813,0.44125667809951563,0.3831025615438985
play/pause,0.2884283150423557,0.4380756106524441,0.46592897448271875,0.4407274957574541,0.3839547331424987
play/pause,0.28818497517468694,0.436432892431624,0.46468492748295426,0.43956512619556437,0.38203753849128713
play/pause,0.2842813415014705,0.4330581451262382,0.4618153154184266,0.4381013572152813,0.38078285510192394
play/pause,0.2879234105667595,0.43606150856782927,0.4641524977160278,0.44042782785646395,0.38340623182036976
play/pause,0.28346860951382524,0.4346556817860088,0.46291089119567386,0.4393798968548587,0.3814482075034753
play/pause,0.2862400627404319,0.43981003926425105,0.4675256479660311,0.4433082217533258,0.38078863522014306
play/pause,0.2866623533898294,0.43259225516939204,0.4604169732262521,0.43552681242654745,0.3780663571822169
play/pause,0.28485462687545565,0.4304124918937349,0.45844954624743056,0.43323471033817823,0.37481960463594594
play/pause,0.28550784417401737,0.4307589969184483,0.4573693888093718,0.4318587271523577,0.3735905237966095
play/pause,0.28697692719129886,0.43610750290721223,0.4586920375930097,0.43640591151000957,0.3731679254974452
play/pause,0.28598046867816096,0.43396649406826276,0.45456045094856673,0.43220658968596426,0.37259045616489384
play/pause,0.2847372349991434,0.42972071049146016,0.4534189213302558,0.4267796442731965,0.37005666927183567
play/pause,0.2838954820476556,0.4291239941653096,0.4525761806609737,0.4263313282031857,0.3679851103508422
play/pause,0.2835063873123772,0.4316746765132762,0.45408974289360365,0.4276271260758564,0.36916210342861394
play/pause,0.28352207369242133,0.4283850474581972,0.4521285387220906,0.42578966252421063,0.3681411498436396
play/pause,0.2852096628097613,0.4341461630511178,0.4545772783393652,0.43262891798782827,0.3715455662241538
play/pause,0.2845748407875386,0.4287869111559489,0.4531195136167,0.42731573381407656,0.3690409847722028
play/pause,0.2846707936921743,0.4284525320630076,0.4518408342993611,0.4255781833636842,0.3679770269021761
play/pause,0.28258578612129137,0.42558395812579025,0.44874123657962284,0.4225775318818604,0.3652656027676853
play/pause,0.28106423320837415,0.42462375502257965,0.4474020750829685,0.4203020691296455,0.36276894217989747
play/pause,0.28150599588405495,0.4230548046238421,0.4474606600220903,0.42057141287044164,0.36315175522448173
play/pause,0.2800781649991591,0.4216231099199534,0.44585975173815195,0.41899701204855894,0.3613200040984363
play/pause,0.2791844886909514,0.4286252263245092,0.44958463035276064,0.4250497488625885,0.3618499190633455
play/pause,0.2793334654652482,0.42467254393833115,0.44735556182312536,0.4201202389637978,0.3614555882874841
play/pause,0.2785906699124568,0.4229320390367683,0.44486753627652176,0.41821524532564447,0.36120410675166514
play/pause,0.2789187621342861,0.42392517022960763,0.4450901268499338,0.41809244964577513,0.3598373339237992
play/pause,0.2781095481917141,0.42509495059183594,0.4458027919424491,0.41909554346638384,0.3605843927713639
play/pause,0.2775951706586888,0.4238057707102627,0.4445573155619099,0.4202941444263555,0.3597325977668358
play/pause,0.27654568536663654,0.4236322014083559,0.445643184788861,0.418505923196501,0.35930494945149033
play/pause,0.2806836193474812,0.4279853235200652,0.44769094730252634,0.419543169823628,0.36047222976585047
play/pause,0.27911723533406524,0.4266474421075083,0.44669415137478674,0.4200720938003164,0.36034744741004304
play/pause,0.28129917843949953,0.4281799242165165,0.4476382335352596,0.4190476278787494,0.3590788955154839
play/pause,0.28173596790148164,0.4274469474376741,0.44743039801787865,0.41951959584167176,0.3609790924007834
play/pause,0.2829731169617593,0.4285048018509287,0.44829420688274,0.42063546837672583,0.3619794088932098
play/pause,0.2837318851617862,0.4292786644840931,0.44841187484081557,0.4206760758525534,0.3609116099840774
play/pause,0.28156963922506817,0.42845285975564334,0.44616256939883814,0.42281885473789493,0.3592933225680748
play/pause,0.28341075825432055,0.4284551322085702,0.4487887316079129,0.4208200765093125,0.36206764375069395
play/pause,0.28436128877931,0.4303302589757692,0.45000376903964084,0.42162958674077633,0.3634517830291062
play/pause,0.28360022728930745,0.43088350897228755,0.44960946422085263,0.42172248520384,0.3632335092868393
play/pause,0.2847270009276506,0.4312452127845124,0.44970803003829124,0.42212292822238806,0.3634806847017877
play/pause,0.28399824915194527,0.4311193311811755,0.4492179240702428,0.4218114414251916,0.36262262845120796
play/pause,0.2831257993671522,0.43198751575108074,0.45018232905073685,0.42199603135729363,0.3636626432750696
play/pause,0.2829782270217529,0.4304628046547075,0.4502863461652388,0.42238718954245597,0.36357248513478774
play/pause,0.28392929086310564,0.43291983888010754,0.45115593723077374,0.42176922803467926,0.3657883088332509
play/pause,0.2855072083389537,0.4366299928137009,0.454609257819443,0.4228730980462363,0.36635842113247435
play/pause,0.2850486919948807,0.43496310578588315,0.4543572698507597,0.4230191179666723,0.367712183258145
play/pause,0.28570240747465353,0.43536919427304527,0.454698893611274,0.42310126273770104,0.36733303279820606
play/pause,0.28594333141330197,0.4373816545105207,0.4559806506858605,0.42486419615811477,0.36887419922680476
play/pause,0.2833041947854705,0.43606729321367393,0.4566110469349847,0.4249384735094015,0.3705464181887161
play/pause,0.2850015281689731,0.43596446617136175,0.45645034735267126,0.4251668284347296,0.36764196115678344
play/pause,0.28680300453253077,0.4368086227137729,0.4574926871585381,0.4265212681481475,0.36832576931580013
play/pause,0.2871494602162075,0.4368639638537949,0.4579284367580663,0.42715405330655226,0.36948616422430225
play/pause,0.2882321571287791,0.4365433121129195,0.4579822236976145,0.42981008392189024,0.3726721971229815
play/pause,0.2879721456468015,0.4349871143118321,0.454554559270395,0.42732393970219945,0.36928450840377375
play/pause,0.2872470774052785,0.4362537938438284,0.455585909664814,0.42701626447369023,0.3700880485101547
play/pause,0.28740487995563985,0.4356670951556729,0.4563547197467184,0.42715018779299685,0.3694346214512347
play/pause,0.2852789106186592,0.4338112750896858,0.45803027614732567,0.4290735843925686,0.3721327595464784
play/pause,0.2870254919446341,0.43381583256724615,0.4542992330526637,0.4267535836741095,0.3699622884311095
play/pause,0.28426290223433,0.4322996697626067,0.4539828994062246,0.4258605788547219,0.3701443800372185
play/pause,0.2815747547323059,0.4319544444624049,0.45358296338088055,0.4257062936067758,0.36859813810124303
play/pause,0.282450881356261,0.43260151465165825,0.45359946651053795,0.425933516110282,0.3694847633278147
play/pause,0.28169076792919007,0.4316706829101683,0.4521457939343915,0.42430833626921644,0.3678648414444008
play/pause,0.2812611408129598,0.43159850382022685,0.453951114468729,0.42506203689733524,0.36933282610829865
play/pause,0.283060700511084,0.433103870518212,0.4549481142508572,0.42620195196828964,0.3696778175658824
play/pause,0.28246162385485757,0.4345206062087433,0.45822250970832706,0.42967774776859685,0.37218535751593945
play/pause,0.2846361096240087,0.43615975142763885,0.4580337679257286,0.4300022374277281,0.3727292470691208
play/pause,0.2841784321926566,0.4354256750551794,0.45804272572573634,0.4314102436350546,0.37462437696030376
play/pause,0.28473128794355285,0.4333010067431539,0.45730897681294425,0.4305274896761319,0.3738976486534661
play/pause,0.28407271417433927,0.43446245876531514,0.4575884976238011,0.43113236217036083,0.37496382671020617
play/pause,0.28330865417110007,0.4340646643592758,0.4569220690814073,0.42989034717461183,0.37432321632569654
play/pause,0.2785198688008623,0.4298809452208904,0.4525735916569791,0.4264692196243675,0.3693839367183009
play/pause,0.27989435318352734,0.4280678041897401,0.45228031694148474,0.42649236224196924,0.3702468200724211
play/pause,0.2777625393949691,0.4259416603028903,0.4489337928272858,0.4232906578612423,0.36741149042304766
play/pause,0.27441974756353005,0.4239958532027653,0.44622789952632275,0.42065816553937807,0.3651171915199836
play/pause,0.27262169714907775,0.42267790612199196,0.4462171387932304,0.42035961361406654,0.36621644684195565
play/pause,0.27122599946361925,0.4213049385261561,0.44522578121679995,0.4201428046548312,0.3652316204304675
play/pause,0.26988163962103595,0.4210063765100128,0.4440730213621962,0.4203840796100564,0.36626335398433485
play/pause,0.2715946602784142,0.4228047625800371,0.44666149262245336,0.42129356622926234,0.36781476343346103
play/pause,0.2693180598003844,0.42058824510450177,0.4444980626505066,0.42001878436572176,0.3655956708398037
play/pause,0.2679132772974647,0.42081279232008617,0.4439448430197162,0.41920073800828866,0.3654262978595958
play/pause,0.2663245639419765,0.41940558191568184,0.4431183688172915,0.4191979181035583,0.36452640919821727
play/pause,0.2658026182570078,0.41906746747358675,0.4424636834260574,0.4191100895343997,0.36419825232319225
play/pause,0.2644761108215516,0.4187275274974911,0.44207527218210224,0.4182928763916038,0.3639561026557946
play/pause,0.2654932590957368,0.4186234208556721,0.44200192755060014,0.41896712967348004,0.3641401265311115
play/pause,0.2661015831461897,0.4205275878831579,0.44433552917981856,0.4188528441095268,0.3650447681958765
play/pause,0.26694075230391173,0.4219757566791258,0.44614680636783516,0.42149134760681267,0.36758657204963674
play/pause,0.267182213882882,0.42239877008003895,0.44568764856904225,0.4222532172319323,0.36668041627613013
play/pause,0.26802001633356,0.4222488784232914,0.44686812488942035,0.4233762651242338,0.36846550172964976
play/pause,0.2664803408393879,0.42230418966163813,0.44736793825731025,0.4239091280049715,0.368782504479943
play/pause,0.2738415915078563,0.42918519830105684,0.4535431931991346,0.43363763824093693,0.37574785089905466
play/pause,0.26990391536658925,0.42990087339348193,0.4531893498516707,0.4308565175001588,0.37536167443189755
play/pause,0.2697762808530923,0.42975196017850054,0.4519716163748896,0.4300693071770814,0.37603744187231897
play/pause,0.26687602811270905,0.42853351376536963,0.4512838475066064,0.42868205276643095,0.37491647369215053
play/pause,0.26933277295801605,0.42985651030198946,0.45367587464588427,0.4303562669229971,0.37645100560883443
play/pause,0.2702675009441573,0.4318696520087953,0.456053981742489,0.43306672956810544,0.3793822710736847
play/pause,0.2722533608352803,0.43267765330994945,0.4577092635351594,0.43364541624067615,0.37927553689441446
play/pause,0.2715096641091387,0.42985119953037987,0.456063748196157,0.43379239522088914,0.37897389650629426
play/pause,0.2730640534758407,0.4300164619918608,0.45998368568974457,0.4420041368594469,0.3838927633929882
play/pause,0.2713017691426629,0.4325288220306247,0.4589983356852278,0.44190091755731853,0.3898440962315301
play/pause,0.2720318132332201,0.4318384018789449,0.4583573839652268,0.44086319944692065,0.38851958465647235
play/pause,0.2717914816820959,0.4350357979384889,0.4561201366542802,0.440436953894328,0.38729620740180204
play/pause,0.27104882614004544,0.43372375854215933,0.457492156662463,0.4411501211337947,0.38721281395421664
play/pause,0.2696339342008501,0.43460924594479955,0.45580924467660533,0.44051901889350303,0.3867233191991048
play/pause,0.2692149700243836,0.4346981364504941,0.4567587335371017,0.44095085329031425,0.3857621797840963
play/pause,0.26906958697309585,0.4376895689399528,0.4580986989661199,0.44219557445847507,0.38788266535579174
play/pause,0.2754414533584319,0.43586559792059315,0.4677343420818285,0.4480855271355803,0.3917287628301735
play/pause,0.27838303992283414,0.434574320323957,0.4663762542090854,0.44539208335023217,0.39424795453310124
play/pause,0.2778563659025459,0.43671196941904056,0.46627607311521535,0.4441991009548622,0.3924649921306952
play/pause,0.2752224801257103,0.43639574833059463,0.46507634621868515,0.4445520724083234,0.3932638225299424
play/pause,0.2747472014363662,0.43476982532399927,0.46468926677183175,0.4448965839382745,0.3942552787145001
play/pause,0.27837668235266866,0.4372967079405468,0.4692094689246657,0.44617274578004795,0.39155554656893954
play/pause,0.27661491750850703,0.4338591554371931,0.46651663053506204,0.44189129685245176,0.3917852770085577
play/pause,0.27830472415501417,0.4329930553794218,0.4646301633250828,0.4408456629600343,0.39043436502767304
play/pause,0.2777081297450211,0.43097896851537554,0.46097780073558914,0.4378208633709813,0.38731832117892884
play/pause,0.27667030947715177,0.4306235234289383,0.4600665814531762,0.4373185112792335,0.3852508787765459
play/pause,0.27652432441195607,0.430122639702979,0.4601005938289539,0.43730295607600767,0.38479808889380107
play/pause,0.2797921990622663,0.43114444448213135,0.4611089988202973,0.4375852075291259,0.3863778610437396
play/pause,0.2795752731358111,0.4293569645879539,0.459420184552949,0.43726193000673397,0.3845103856830923
play/pause,0.2792859476611503,0.42840907900670677,0.45844587112276036,0.4365020799673629,0.3846023868463838
play/pause,0.27906475296450584,0.4286947881110598,0.45848696616437606,0.43691424939465046,0.3855629333437662
play/pause,0.2787863867812255,0.4262636606106379,0.45734882422007445,0.4366108800565685,0.3862488855540351
play/pause,0.27860009377655004,0.42403849501244884,0.4567208054741736,0.43750846868604953,0.38839003800256305
play/pause,0.2794805448276752,0.42144174779049126,0.45428395186285436,0.43936320800055007,0.39050825897437696
play/pause,0.287508680091857,0.4177060079738877,0.45309575063676544,0.4402781238118851,0.39834600949771226
play/pause,0.28873019911150194,0.41621579792483615,0.4515055759284433,0.4365127757226034,0.3931116922827964
play/pause,0.2884308399939682,0.41387055523390015,0.44841293991609793,0.43368827994814785,0.39078541774959574
play/pause,0.28594810330535786,0.4087604108267973,0.4428895592631991,0.4297014109872488,0.38634827720703924
play/pause,0.2776925287572602,0.403453257600552,0.4399039686282571,0.42621433571404654,0.38597662251488757
play/pause,0.27848575833451894,0.4010950294439912,0.4333224697203226,0.42301998918409955,0.3829708629590857
play/pause,0.2688182748336133,0.39778933974553504,0.43141914727347225,0.42014560873341056,0.3776706740440966
play/pause,0.2741258730424536,0.3934079302019275,0.428936058543695,0.4178559393482455,0.377345952250562
play/pause,0.2752687335514593,0.3946403147941242,0.4296784331546719,0.41749415163253917,0.37532558180485404
play/pause,0.2745952055545914,0.39529922118426347,0.4295556673009759,0.41599591544173975,0.37431367455247166
play/pause,0.27397439286798453,0.39541409943151734,0.43083167267608996,0.4176582673786655,0.3747900034475025
play/pause,0.2738597888649474,0.3956003399703972,0.43154283214430983,0.41806619957849245,0.3738876272199474
play/pause,0.275547665694528,0.39822778476734605,0.4334942372952967,0.4208024930962126,0.37622157592792493
play/pause,0.2760380644679717,0.3999700682395119,0.43501078833160545,0.4227706645293418,0.37847029055553316
play/pause,0.2766732924231304,0.4036484919731582,0.43841939851242145,0.4284281166914789,0.3871255216608829
play/pause,0.27624103036716113,0.4065392285142008,0.4407894407421912,0.43123881306364337,0.3894294280643352
play/pause,0.27988154672378296,0.4094298795445814,0.44179851464405134,0.43114934487905526,0.39023317169382904
play/pause,0.2851204458601361,0.4176118529782618,0.4478641528854945,0.43710246136817704,0.3962178675746117
play/pause,0.2908745134767795,0.42269986805867577,0.4526349908849522,0.4409938784872187,0.40024532732402207
play/pause,0.2879736659028364,0.4236911341073727,0.4548262941677056,0.4414671892876205,0.4000035780358121
play/pause,0.286794060733779,0.42404637741399226,0.45601527130656616,0.44187124370665115,0.4002591721470371
play/pause,0.29044102133705807,0.4264464361811882,0.45692551769773154,0.4455129542419727,0.4009503990605815
play/pause,0.2886132109242795,0.45307629529515697,0.48273560337127497,0.47163685823544715,0.4282140943843665
play/pause,0.27379805627392406,0.4239485414863313,0.4647142998389984,0.4571536841419218,0.4205180006660632
play/pause,0.2799156618205324,0.4223581389314053,0.4647221629559215,0.45796973476557273,0.4161100271567728
play/pause,0.2720160179091679,0.4225080333775521,0.46266566519615604,0.4564374700084979,0.41869741515115844
play/pause,0.274534576027993,0.42173947330449163,0.46386949152031165,0.4565602029826342,0.4175191981124286
play/pause,0.2779860644134771,0.42244774808581625,0.46429303026324703,0.45539191981007004,0.41479417418527437
play/pause,0.2833611739286237,0.4242613110428563,0.467483136134763,0.4596788214431355,0.4188539203409426
play/pause,0.2882581303340543,0.44970757376453524,0.48783865499671075,0.47726159748298014,0.4328449962828606
play/pause,0.29436583227737456,0.46038930774418174,0.49537260075268646,0.48120382163520764,0.4340855498821393
play/pause,0.3112986077810344,0.4669143001282956,0.5056030557608882,0.4904117704311713,0.436873793326027
play/pause,0.33243355109770356,0.4908479678880645,0.5223367430820332,0.5028206117012136,0.4416707337517493
play/pause,0.3391699282550163,0.4883611596859136,0.5213256237617483,0.49488326378101444,0.4318526657843287
play/pause,0.3429921689548388,0.4912676238344873,0.5240407881050286,0.49493708998378555,0.4300510513399608
play/pause,0.34131621229292225,0.4931275652250999,0.5232430623525365,0.49455997022732207,0.4275058686687637
play/pause,0.34472328723339724,0.49400952156260375,0.5255314850895649,0.49762696501763604,0.4317487699572862
play/pause,0.3392465244383087,0.4875844094132912,0.5178797229287712,0.49133810196864935,0.42631937863898317
play/pause,0.335743886211583,0.4843477436468285,0.5154098770515867,0.4877332747350059,0.42375198222384086
play/pause,0.3307051396994006,0.4783859798689356,0.5110675105396979,0.4880126206432191,0.4288954467091337
play/pause,0.3276652703134834,0.47629120872307745,0.5087500760877024,0.48588484002354393,0.42922820259956446
play/pause,0.32428474028332616,0.47452502445888817,0.5063773925883666,0.48352070150813337,0.42909199775989637
play/pause,0.31890701752922795,0.4716457133793921,0.5016280399758918,0.4815008838994666,0.4258810913346022
play/pause,0.31253547169849744,0.4612933290971659,0.4931582312448165,0.47477113539099286,0.4229338826500496
play/pause,0.28762183916422746,0.4287136251839854,0.46656423912445066,0.4525789211932489,0.4123303041384206
play/pause,0.2815516993665028,0.4206246551548815,0.45909475532339644,0.4471258646768767,0.4059235079869111
play/pause,0.2793879390589216,0.413612888963546,0.4539421546903777,0.4423025841698562,0.4010266967834703
play/pause,0.28035522918071176,0.4117281003337637,0.4464964053549951,0.43657954392255116,0.3954614134325962
play/pause,0.27265379525474553,0.4084526828075443,0.4402250941105616,0.43258918956274467,0.38998643377816244
play/pause,0.261025504360874,0.40348553092848044,0.4373743005967458,0.43030723139537874,0.38784579799676694
play/pause,0.26044084610119733,0.3982303194647417,0.43536074392886737,0.4258722339600462,0.3858823604568853
play/pause,0.2656746698950319,0.3963163252813266,0.43469372813043383,0.42357137003073403,0.382990380941341
play/pause,0.2690374718704369,0.3963638041261284,0.43573438860395247,0.4240376269072987,0.3839448044221633
play/pause,0.2671161746923738,0.39635022442514156,0.4344208832669284,0.4245939336055708,0.38360254780162956
play/pause,0.26743815739038374,0.395566359394637,0.4329916893519913,0.42347794419448676,0.38404358158822094
play/pause,0.2724406773025834,0.3972445045419702,0.434445864045028,0.42425656117101307,0.385497972057294
play/pause,0.2780487556715201,0.405655803178909,0.4373066623524442,0.4271484150094168,0.38674658675314316
play/pause,0.27765099590421577,0.4011627270810412,0.43858618175868475,0.4281167677708703,0.3891579999680503
play/pause,0.3102605906785182,0.44894240989561746,0.47294697136760916,0.45702408174355114,0.418709705494312
play/pause,0.30776586537889905,0.44394521920438795,0.4770019860469045,0.4660842935341404,0.4218278429183146
play/pause,0.31408382490398906,0.4557755760755843,0.4910578945812248,0.4769176439901975,0.434599737759203
play/pause,0.3191237412361699,0.4662439925107593,0.5029034476701381,0.48732902160740543,0.4408512379627554
play/pause,0.32422188149302034,0.4758502120447343,0.5176384610051775,0.5008109436410112,0.45286656286081134
play/pause,0.33291198618333984,0.48733124521939075,0.5299608381721874,0.5134361279378004,0.4642861183584074
play/pause,0.3560616424966435,0.5293891454865539,0.5776645249957286,0.5552982013083387,0.49700654420784923
play/pause,0.3661703467548573,0.5421394643955333,0.5866585209930287,0.5668879705817694,0.5088124281546293
play/pause,0.37937023828455807,0.5553743002631214,0.5999360421271404,0.5803131625918497,0.5189471443753139
play/pause,0.3807892998564938,0.5634583365927378,0.6089400129241862,0.5845040047376681,0.5243205525971973
play/pause,0.3857012021922147,0.5705975381934212,0.618818532646743,0.5920924268959442,0.5290257035968854
play/pause,0.38867098375870457,0.5777313853734292,0.627103212083184,0.6010127047709011,0.5337534645312113
play/pause,0.3937242008146066,0.5812420998844307,0.6325530234093015,0.6040017775098862,0.5382244137824177
play/pause,0.3958280483662224,0.5864379971756708,0.6362327416056995,0.6084085290477885,0.5424956337072416
play/pause,0.39344357338730745,0.5903800510281241,0.6384597009654961,0.6121169206159522,0.5471837358736709
play/pause,0.39122656690526475,0.5805554092102593,0.6332117243048333,0.6098609151598671,0.545275163774573
play/pause,0.3710537600376066,0.5723033433320203,0.6239249828229473,0.608956068062078,0.5471224401914683
play/pause,0.3718712339703302,0.5614601696960546,0.611008904940154,0.6117069919026134,0.5409651260888376
play/pause,0.36700821312358334,0.5545548397716399,0.6047224729497886,0.5937683766400266,0.5357739159654302
play/pause,0.3590958696277722,0.5423390593554495,0.5961020030870051,0.5849597187389339,0.5315915012732241
play/pause,0.348050212862685,0.5259341425523706,0.5874618442854364,0.5783375973152127,0.5226653026521553
play/pause,0.3299716806960795,0.4933476264664617,0.5504241352732026,0.5467982221224656,0.5127336545948433
play/pause,0.3193045865064302,0.4793558361867644,0.5322566396385146,0.5255956843374514,0.48681883710338086
play/pause,0.3154370767469559,0.4716375914683356,0.5282698773968836,0.5205664449683337,0.4751586864500013
play/pause,0.3101444864798291,0.46545260415493556,0.5191523496204004,0.5128032482307725,0.46825685102071957
play/pause,0.3072088484078418,0.4619174330805896,0.5172816366253717,0.5082425230800699,0.4672697753782876
play/pause,0.3069726126357081,0.4616135076531242,0.5131697265372978,0.5044328087509732,0.4675682034099713
play/pause,0.30833286821661043,0.4622760112265595,0.5159629768376647,0.5054195572299957,0.4644130055318092
play/pause,0.31083738150962886,0.4641002650861773,0.5185948529603452,0.5080799885920549,0.46385304515867093
play/pause,0.324971482378839,0.49578359081895373,0.540386757077537,0.5259795895859078,0.4714433123716896
play/pause,0.3100144711441405,0.48390753181389523,0.5354749535041456,0.5201880055718306,0.46395971923301427
play/pause,0.31817010005216434,0.4850539162847814,0.5309104272430805,0.5166022543708628,0.4614122776308714
play/pause,0.3209814903792882,0.48580697652448307,0.5271299711225981,0.5089883619643837,0.45578431805740544
play/pause,0.31401434228798236,0.48022555404754314,0.5201295340070919,0.5042436632773796,0.4491761671158601
play/pause,0.30497037317337383,0.4755787748104271,0.5195969978011691,0.498686428964613,0.44006867975413233
play/pause,0.3043271204863446,0.46927662542591625,0.5132174617465513,0.49150424317607444,0.4348649412106934
play/pause,0.3035375764707884,0.4623659116087442,0.500023068410164,0.4807276293172362,0.429029112010222
play/pause,0.2872347983238335,0.42469065850044085,0.45706243744188646,0.4407776254203562,0.3914628182521362
play/pause,0.2759377413872829,0.4114347812604941,0.44186450115897125,0.4260642395146203,0.37743725609746853
play/pause,0.26973182592835365,0.39681047232831274,0.42874439619915433,0.4120796734208731,0.36883964393423824
play/pause,0.260624788111278,0.38304436023886584,0.4111717310028704,0.39640311485414254,0.3558073828854215
play/pause,0.25593580982990694,0.36925668746124085,0.3971066584971601,0.3820619176697085,0.34235549513268004
play/pause,0.24617261470457608,0.3566132509254347,0.38422004538457316,0.36946775172087315,0.33011567203425607
play/pause,0.23672036983297298,0.3450569821527757,0.37186941851032546,0.3568326997770356,0.32105655354062956
play/pause,0.2312769112431455,0.32901721321103544,0.35478185408767365,0.3388205188227247,0.3056060286826232
play/pause,0.22239157638468746,0.320988167098,0.34584400600553566,0.3339949259475893,0.3024340817679178
play/pause,0.2205072427541234,0.3180238420321489,0.3431949879805112,0.33156834150467346,0.2993578180192045
play/pause,0.22448560388616456,0.3186268937425032,0.3434604261125018,0.3325317134299583,0.29903559179935596
play/pause,0.21864878958980122,0.31580830457311226,0.3412311196041103,0.3298935129553415,0.29641407502919614
play/pause,0.21772654363078056,0.3174535937988243,0.3434029601886819,0.3322080871907696,0.2981117934845482
play/pause,0.2170465252329111,0.3170815913677253,0.3438992747663887,0.3333644467253133,0.2990263869902228
play/pause,0.21742285452239665,0.3184796898669966,0.34466998619284767,0.33523834799762264,0.3007587332651306
play/pause,0.21386099363122846,0.32616780053886557,0.34646068700773497,0.3374613559100283,0.30386290700608926
play/pause,0.21583033681221753,0.324490371038773,0.3464619094685871,0.33692847456331826,0.3019732017531316
play/pause,0.21488018920659244,0.32162671466016135,0.34530368807326123,0.33525848452971585,0.30066081418860857
play/pause,0.21504677123563912,0.3206238131895397,0.345546655448228,0.3367281387778033,0.3021096000866312
play/pause,0.21382941490533275,0.31928428684898197,0.3436151336856048,0.33520087412653227,0.3007877831978529
play/pause,0.21448840243025896,0.31801893375446494,0.34089082909196583,0.3322408826717848,0.299220460964672
play/pause,0.21224967364869166,0.3145064673919301,0.3370923292089541,0.3282212186094924,0.2959726699741478
play/pause,0.20366663145487662,0.29404099404381795,0.31960984365177614,0.3090560753131076,0.2794736802221788
play/pause,0.1960206699443091,0.2876571610766342,0.3107112338195502,0.300399631590381,0.27215115133854406
play/pause,0.19423742507585096,0.28078088533620543,0.30343454856316515,0.2939380974022622,0.26721489452433106
play/pause,0.18515022269663697,0.2754411608940474,0.2978309767403732,0.28724273961211794,0.2615473049897446
play/pause,0.1829358598255556,0.2693206084543295,0.29117798653996535,0.2817736029619482,0.2561173827611475
play/pause,0.1800044782823352,0.26254003790986685,0.2840572340197674,0.27573489744701984,0.2507479251610061
play/pause,0.17898272743346902,0.25660589496902925,0.27665213350310264,0.2685208774833426,0.24239865329205643
play/pause,0.17383199406606858,0.2494763580911919,0.2705239087074878,0.2618806450900825,0.23741044946534373
play/pause,0.17189709635938982,0.24345845502074623,0.26278692139368265,0.2549882902214,0.2319526543814954
play/pause,0.17228235633844213,0.24105963436718947,0.2629279970207158,0.25405622680605766,0.22979277171014903
play/pause,0.17082698484691122,0.2425007964755356,0.2640695392897606,0.25440981021089115,0.2296208570170728
play/pause,0.17117484527229818,0.24231531692263214,0.26345089060523824,0.2544240813288766,0.23029433004437985
play/pause,0.16937076774218687,0.24076887685393655,0.2624733079930243,0.2530905049754592,0.2295205643409676
play/pause,0.16918409089261957,0.23991272593809926,0.26154060179746313,0.25308743552520263,0.2297783977845978
play/pause,0.16905965603155143,0.24103603806301616,0.26445583375572695,0.25437766920366056,0.23186389207615982
play/pause,0.17023569884025327,0.2558639888752658,0.2786173512437467,0.2741258879546144,0.25150862984842776
play/pause,0.16998739046836875,0.26090927028436206,0.2856730424276249,0.2821712107460637,0.2571851270314735
play/pause,0.1708325289673676,0.2680800978581912,0.2909386804336799,0.28644248781424664,0.26164664867524284
play/pause,0.17179990552094668,0.2707173529602344,0.2967853324559564,0.29319788750699377,0.26688344333592195
play/pause,0.16817555293580805,0.27533638752733397,0.30413050607082603,0.3011232441765367,0.27516761888140934
play/pause,0.16989957220243856,0.27570565369069305,0.30477799133707584,0.2995096361076684,0.27446751076140763
play/pause,0.22706030482872408,0.31210717861585635,0.33288146712392164,0.3382327188128535,0.3207653867844135
play/pause,0.21976275535050255,0.3274338372986095,0.35945695897196656,0.35241826328800796,0.3197722000224119
play/pause,0.22308248144755552,0.3315691137456345,0.36633311152758313,0.35770548447165446,0.322565721681197
play/pause,0.22739123529405864,0.3366248085820783,0.3695867945752797,0.36170974451849197,0.3264211624075564
play/pause,0.23338801387591088,0.34581902581684515,0.38243265557607226,0.3713187592279152,0.33297475239222607
play/pause,0.23911478776762124,0.3516287426114333,0.3864569906849031,0.37274356304842654,0.33431877874449234
play/pause,0.2484194382492502,0.3588187227741295,0.3928783577816017,0.37921853712273434,0.34020565399489905
play/pause,0.24604484006418945,0.3657543237181585,0.3947319270074442,0.3841755228033556,0.34171328580378585
play/pause,0.25130470479273326,0.3745743941734693,0.40066438232686263,0.3888150124633713,0.3455280563474179
play/pause,0.2543125487754978,0.3783722894247534,0.4035320982204617,0.3906258115058694,0.3450786144650037
play/pause,0.2676604928365597,0.38135016763254825,0.4081693962014944,0.3932904947922274,0.3470333348387492
play/pause,0.26748953028982064,0.38489578223415916,0.4104579195957559,0.3954953519259411,0.3471521776273018
play/pause,0.2777248576293848,0.3991048927348796,0.4184662920663578,0.39564489860226737,0.3437852530151671
play/pause,0.27874100777941374,0.40093531446877057,0.4193688481970569,0.3950248116781161,0.34082070123213254
play/pause,0.2765118479395365,0.39650274446431033,0.41790371843230456,0.3928246970586189,0.3383261294999208
play/pause,0.2765201291121807,0.39661773568705805,0.417500618039202,0.39157621430254264,0.33825454671131056
play/pause,0.27647645541344257,0.3966710958487668,0.4157982248824562,0.39036676368702766,0.3369557671291543
play/pause,0.27370379415681506,0.394302251214852,0.4139543686909921,0.39117280473626603,0.3377610750114121
play/pause,0.27235931018460235,0.39357418604381406,0.41490683237716036,0.3904471030699732,0.33698842905226806
play/pause,0.2745912875205283,0.3975898611065465,0.42079409822057495,0.3948277198694404,0.3394268057558815
play/pause,0.27392822705013853,0.3985857258441099,0.42235538932611694,0.39582866280677886,0.3407000423791142
play/pause,0.2752639819830801,0.4008391273697494,0.4244174417249866,0.3984189819803683,0.34403715870773344
play/pause,0.27455946234199435,0.40219727774810415,0.42484385490101784,0.3994693718504752,0.3453455855543595
play/pause,0.27702894646372145,0.4060873247914803,0.4280343292580842,0.40251188919137654,0.3483874738443839
play/pause,0.2778225373250528,0.4082454743264633,0.4315994113136075,0.4046853578453976,0.35090588381896104
play/pause,0.28333421247805574,0.4168582763485734,0.4397260714462566,0.41421653455871665,0.3600580586522581
play/pause,0.2924281565210942,0.4292763377639252,0.4570540715378119,0.42886015670746164,0.3698264270109593
play/pause,0.29537679934456584,0.4355112890161109,0.46279966917751764,0.4360643424600338,0.3779781909333682
play/pause,0.3009984773264247,0.44393963623169463,0.47133081505922647,0.4452522468209587,0.38538185333696834
play/pause,0.30599921821577647,0.45153673375584713,0.48082333789652487,0.454326630172663,0.3933951998833688
play/pause,0.3120073866849788,0.4617118980247805,0.49213382882720824,0.4654140401370829,0.4028237983723432
play/pause,0.31750383145630773,0.4705158310031789,0.5013667405910999,0.47544022569402966,0.41008232774283665
play/pause,0.3239018943383594,0.4799311216189732,0.5129082577251225,0.485518982817175,0.4199287508547095
play/pause,0.3302902956039294,0.48978379352740536,0.5244425593026836,0.4972985510262676,0.42907249728081176
play/pause,0.3497927946355412,0.5196932283695272,0.5556581453784473,0.5249558159758886,0.45057940232937443
play/pause,0.35366560117420803,0.5255259823133162,0.559568421288665,0.5326466930417585,0.45941446841214867
play/pause,0.35487866461395,0.5285706985081123,0.5628797752371327,0.5330716329683689,0.46107046865212387
play/pause,0.3553803399607288,0.5304109047867567,0.5623628935925784,0.5325585958849891,0.4618233868169709
play/pause,0.3558599933334381,0.5289065261054173,0.5621453636587599,0.5327872840880743,0.4617623730682993
play/pause,0.3561189435169951,0.5296752415381579,0.5623546242457411,0.5328619854329598,0.4612655808539957
play/pause,0.35479104282662627,0.5267199675258142,0.5609158572454398,0.5317586794839338,0.46071269959949257
play/pause,0.35484749668792087,0.5246701959494564,0.5589875228330758,0.530057632475792,0.45982154498320454
play/pause,0.3528963718800438,0.5245181836333765,0.55702491703369,0.5292596988378198,0.4583029707468397
play/pause,0.3508143604296199,0.5206655658897917,0.5541960579915103,0.5265710122465148,0.45547682487973257
play/pause,0.3509165512404582,0.5234835011686684,0.5561004474158328,0.5288698380642937,0.45821571353637264
play/pause,0.349700182437461,0.5221707065317926,0.5550244915998038,0.5273098547040512,0.4575136231663471
play/pause,0.3506690538289297,0.5210882976248763,0.5561803990356047,0.5285244546564242,0.45950770442372557
play/pause,0.36120803895705383,0.5306859223462954,0.5627066194484197,0.541232402403115,0.4741143203629061
play/pause,0.3608156939011032,0.5307148820250707,0.5625275690830037,0.5418863845862251,0.47689969251080583
play/pause,0.3554166096951617,0.5275888161130181,0.5604842620501476,0.5393926375543263,0.4744436758534327
play/pause,0.3513426135845044,0.5222647057084543,0.5568544094797246,0.5378138971067911,0.4722345326501355
play/pause,0.34187284563411824,0.5186641920423798,0.553717055027839,0.5337807434419961,0.4685466220069888
play/pause,0.34301350279797765,0.5171019500851899,0.5561470804175349,0.5325143728405339,0.468739048204984
play/pause,0.3423927802126609,0.5161528808131006,0.5581771363539176,0.5315991535830727,0.4676971870563008
play/pause,0.33804807128968617,0.5094722999312224,0.5486211716420835,0.525647721898927,0.46142033822489126
play/pause,0.33910332033738116,0.5032869850970316,0.5467500072203931,0.5240501351385463,0.46063161652765733
play/pause,0.3377592324402139,0.5013464508384261,0.546214439897442,0.5231068308637277,0.4589876337211262
play/pause,0.33605899091110036,0.5005756195033944,0.5471845539170096,0.5226791112096708,0.4588583043277903
play/pause,0.33928655336603125,0.5026607749045283,0.5520660693943761,0.5238648083423171,0.45757830349280376
play/pause,0.3357159388165113,0.5010817897656854,0.5561541057351674,0.5230857617455076,0.4577184642189378
play/pause,0.33026125929969113,0.49947491140626643,0.5491105908175059,0.5188129469351006,0.45549512753721627
play/pause,0.34904584393890187,0.5133715228873701,0.5444573044772664,0.5214556622000126,0.45211825948208784
play/pause,0.35505607117344384,0.5136308764223009,0.5504088265507224,0.5243139341149529,0.4548386619611807
play/pause,0.3530513357971006,0.515887425038985,0.5510384197332241,0.5231741426265025,0.45414476026316
play/pause,0.34960091743260174,0.5158411686738992,0.5497957353894548,0.5199713754956508,0.4516398686142584
play/pause,0.34771308198214623,0.5127372421308507,0.5469823026787526,0.5168701447043401,0.44841226633178255
play/pause,0.34971646706570686,0.513875483932992,0.5478681051126221,0.5169077974015913,0.44962963877191564
play/pause,0.34604696699296866,0.5100709200532989,0.5449033705271527,0.5152780627949414,0.4475785587053079
play/pause,0.34518464772395896,0.5079244166158362,0.5423790849085144,0.5149091025525502,0.446232809105193
play/pause,0.3472703838258491,0.51398547396615,0.544358342339742,0.5208425434038002,0.4530549553669378
play/pause,0.347516241583871,0.5154129384396557,0.5470452111910247,0.5200363728632296,0.45097382871244723
play/pause,0.34653810586107964,0.511838981860286,0.5452441536942925,0.5187992546503555,0.4497162618575681
play/pause,0.3468756837484799,0.5130366152324976,0.5457215804809727,0.5186111189160647,0.45092667860369295
play/pause,0.34654457187424265,0.5121730734552726,0.5464257572456109,0.519140671140272,0.4506785983909464
play/pause,0.34639560481461495,0.5119784629558536,0.5456821759497997,0.5181544667558632,0.44931315840031627
play/pause,0.3456983414319081,0.508628569527268,0.5448408123489387,0.5176624586371942,0.4497006570769184
play/pause,0.345687004154032,0.5087551185148312,0.5448841471489189,0.5168496491431079,0.44877753224153166
play/pause,0.3442945411545491,0.5072308228428417,0.5435766515982712,0.5169889421948685,0.4482747570734839
play/pause,0.34345321310044763,0.5063014187544125,0.5436922762803398,0.5169303548219643,0.44814782710965584
play/pause,0.3434543965696036,0.5055634610659054,0.5425253541559181,0.5156475634921264,0.4472466165980258
play/pause,0.3437745655594192,0.5055712528555759,0.542750987387037,0.515587186581921,0.44730158161977823
play/pause,0.34270142759620953,0.5047807195410142,0.5414422888296394,0.5142044134906125,0.44642208466503774
play/pause,0.34162790913686536,0.5040543510476173,0.5402560042523716,0.5131593728911994,0.44474518921418843
play/pause,0.3435827075022078,0.5049218949525106,0.5397217331727671,0.5141771325064484,0.44713506918824986
play/pause,0.3443410101362333,0.505988407518329,0.5413954209427416,0.5149588595469224,0.4469329116033466
play/pause,0.34369748386068927,0.504879386778609,0.5399244774052673,0.5146583867823208,0.44634674999384893
play/pause,0.34399568574269596,0.5048715851881428,0.5405532399627215,0.5149418409935757,0.4467513598092326
play/pause,0.34305336984696844,0.5040750510784752,0.5404841811988405,0.5146923433835097,0.4477976880223317
play/pause,0.34254504564963184,0.5031227773338364,0.5406971658892639,0.5140550902330364,0.4467556371718234
play/pause,0.3438352769168581,0.5020895632233002,0.5383229289878757,0.5131565303624033,0.445979832121287
play/pause,0.341989305585772,0.5017285935572497,0.5376128967281774,0.5120926302498439,0.44684399268325337
play/pause,0.3418997493738935,0.4997109550955604,0.5365043507001265,0.5106174306677315,0.4459107727002958
play/pause,0.34013237309851924,0.4989755992692048,0.5344184984357601,0.5088558442339827,0.44518337866414304
play/pause,0.3394877626717901,0.49816713062637724,0.5342680377908408,0.5089660956714602,0.444149516234279
play/pause,0.33787738165743403,0.4968859390112707,0.5325478472772078,0.5078142427392046,0.44314592519408286
play/pause,0.33910009450984474,0.49673064062505756,0.5324694542989427,0.5067152303874279,0.44287822426955475
play/pause,0.34072480554263146,0.49765340568964694,0.5316551401583055,0.5090234920758412,0.44504640999465733
play/pause,0.3388197060915174,0.49556720019057604,0.5318469757787204,0.5066053288204039,0.44363022838011684
play/pause,0.3370895657136466,0.49372017242011307,0.5300915536348573,0.5064647591093668,0.44346233465834745
play/pause,0.3371130430823641,0.49272429617596,0.5295552302317672,0.5051259290448087,0.4426255766511032
play/pause,0.33539814491135783,0.4913854868671122,0.5276369112088785,0.5040800244642482,0.4415525063969466
play/pause,0.33539646505370224,0.49192267566564285,0.5280754236867882,0.5033309584593586,0.44147019243864083
play/pause,0.33559253584518384,0.4914568233127018,0.5270680255373495,0.5033258328298226,0.44049156389016486
play/pause,0.33452281654574495,0.4904663388783915,0.5263974317002394,0.5025214083842912,0.43946692220512934
play/pause,0.3348580538712374,0.4904089117960152,0.526888855834348,0.5037541273287867,0.4396380988193761
play/pause,0.33359546540173435,0.48751090644943806,0.5241177443406453,0.5011794208639259,0.4372341264881731
play/pause,0.33219390825734385,0.4868166954956301,0.5237860584726823,0.5006882821412127,0.4367590470826234
play/pause,0.3326680153451659,0.48668358558308106,0.5226582874385078,0.5000650350298177,0.436841132546934
play/pause,0.3319365316001632,0.4864224551176419,0.5240806903001476,0.5007250223752608,0.4371783435174081
play/pause,0.33281116688431694,0.4866183841263318,0.5242152008774869,0.5013570630615788,0.43747641822257605
play/pause,0.33168886334219383,0.48673268563050415,0.523599948001462,0.5007325072904613,0.43696940059020223
play/pause,0.3319523498850929,0.4865242338500241,0.5225837366366856,0.49958474119810653,0.43636336922605573
play/pause,0.3314547740272558,0.4858619439553082,0.5242742584438179,0.4998411121467051,0.436435276341401
play/pause,0.33235140687771586,0.48558006544463395,0.524014231747615,0.5002133709369683,0.4360941524138424
play/pause,0.33186046928835333,0.4845256642485634,0.5243953495514185,0.500133347268363,0.436799567594078
play/pause,0.3334144664110582,0.48782568898868583,0.5250808572940882,0.5004679791095525,0.4362879439680717
play/pause,0.3318163511612125,0.48642897917032163,0.5242564850727166,0.49986762330979295,0.43496243882897245
play/pause,0.33074069333978007,0.48630431322565254,0.5219196070273477,0.49878606713228846,0.4354911592875317
play/pause,0.33034415137087375,0.4862998369224532,0.523473460444809,0.49965195539414353,0.436671441503503
play/pause,0.33037458890801574,0.4858014622031551,0.5224804110118808,0.49889004704783724,0.43577042169991137
play/pause,0.3300408173913471,0.4850432933590501,0.5219058708641741,0.4983897843970675,0.4348228834256103
play/pause,0.32909415049820706,0.484109535144766,0.5219070162626802,0.4983290379157322,0.43437788223172064
play/pause,0.3304547652156933,0.48541099839200685,0.5222378607068096,0.4994180784999562,0.4353153990211097
play/pause,0.3287099339896322,0.48330780316825944,0.5194608833964902,0.4966846848090311,0.4323782794281685
play/pause,0.328463803903427,0.48278727144708056,0.5190299297649846,0.4958955071681005,0.4323595961631849
play/pause,0.3294469928755903,0.4838898967130517,0.5198717367275817,0.4964813400868621,0.43368677410751955
play/pause,0.32844216711638613,0.4823724007420401,0.5195752340792319,0.4961896216469833,0.43357527131677204
play/pause,0.329166106787062,0.4822735215968441,0.5206164226138646,0.49637645023653865,0.43418610588327183
play/pause,0.329451383005852,0.4818561503329203,0.5202683230996324,0.4967437492048679,0.4348599664332225
play/pause,0.3285461836826107,0.4825834133263445,0.5197500584479283,0.497145333553759,0.4342471589470255
play/pause,0.3275415670583308,0.4817586407738837,0.5183840016375175,0.4959598941987347,0.4339468930201913
